Cod IBGE,NRS/R.Saúde/Município,2010,2011,2012,2013,2014,2015,2016
29,Bahia,0.572623523201074,0.575342325419656,0.52325182669886,0.349834998451528,0.317377777306649,0.307609678714404,0.31134203627403
2901,Centro-Leste,0.611652973842898,0.617478628931862,0.582696390658174,0.406459955012283,0.330737123652304,0.336280819973815,0.363040036190907
29011,Região de Feira de Santana,0.541421345656999,0.564134630676479,0.49290067404116,0.341797520800578,0.278868000402131,0.308553788363171,0.324342560038631
290110,Amélia Rodrigues,0.320751810198737,0.468272348309403,0.293735498839907,0.0883775465337828,0.207215134183898,0.107881990312638,0.114977973568282
290150,Anguera,0.680239520958084,0.647943037974684,0.702628481757552,0.172122103714601,0.0820868296242247,0.380021715526602,0.232591529073941
290170,Antônio Cardoso,0.704600484261501,0.695757575757576,0.631323350870093,0.691867124856816,0.457840518885921,0.366272415108737,0.430704441041348
290260,Baixa Grande,0.605024898143957,0.687230664549785,0.623103057757644,0.476629502572899,0.440420060008573,0.413239074550129,0.302927450148494
290640,Candeal,0.381709741550696,0.38233818364275,0.47920892494929,0.492991783470276,0.630116959064328,0.51495831289848,0.436661698956781
290685,Capela do Alto Alegre,0.923332104681165,0.984859675036928,0.777161862527716,0.762872154115587,0.444794952681388,0.352631578947368,0.651356993736952
290850,Conceição do Jacuípe,0.535926660059465,0.42909715407262,0.340014577259475,0.307858769931663,0.164879810405146,0.322927156764015,0.248057713651498
290890,Coração de Maria,0.567144719687093,0.559760209816411,0.363413715146948,0.0284436493738819,0.0889328063241107,0.102217414818821,0.271729663821634
291080,Feira de Santana,0.512947351156306,0.55646669263732,0.482106697694152,0.362700325340402,0.259413302144622,0.300429336834262,0.338262379315604
291125,Gavião,0.930143540669856,1.02980769230769,0.843478260869565,0.808647654093836,0.359778597785978,0.280555555555556,0.40294388224471
291330,Ichu,0.827981651376147,0.535307517084282,0.674386920980926,0.371153846153846,0.331629392971246,0.509541984732824,0.453291536050157
291380,Ipecaetá,0.614552893045003,0.607438016528926,0.370414554130629,0.336839113132462,0.299226139294927,0.316108545034642,0.292241379310345
291400,Ipirá,0.522048997772829,0.650610482430018,0.572132616487455,0.0299341872478947,0.0148798979664139,0.187100893997446,0.336870212915466
291450,Irará,0.785951589938301,0.778179531520201,0.73125,0.543411194358748,0.481611208406305,0.470042071666908,0.386516525299795
292210,Mundo Novo,0.667626728110599,0.512264689104392,0.596722546618949,0.38904593639576,0.349504434011476,0.350232798758407,0.360455093949319
292273,Nova Fátima,0.197264597580221,0.254583551597695,0.113326337880378,0.316180108857001,0.102121361618155,0.218396458435809,0.14087988136431
292405,Pé de Serra,0.611040609137056,0.408007626310772,0.475039745627981,0.403254972875226,0.39897466827503,0.241556091676719,0.269301470588235
292465,Pintadas,1.03714647530604,0.949576271186441,0.893997445721584,1.02465642683913,0.731766612641815,0.755483346872461,0.615901898734177
292595,Rafael Jambeiro,0.819636507309364,0.728833629366489,0.467048145224941,0.470653996646171,0.276073619631902,0.421492204899777,0.325197001729771
292630,Riachão do Jacuípe,0.488213473734594,0.327396605307196,0.3862307600525,0.125703987384546,0.26123595505618,0.441928251121076,0.335849056603774
292750,Santa Bárbara,0.726148409893993,0.737812911725955,0.619764397905759,0.444672551837405,0.23561811505508,0.287221095334686,0.206079747335176
292830,Santanópolis,0.754098360655738,0.676412289395441,0.531065088757396,0.537209302325581,0.475660639777469,0.494459833795014,0.328682806729586
292880,Santo Estêvão,0.423800689106812,0.343823760818253,0.367474048442907,0.214719948123531,0.333012280279316,0.261948310139165,0.306335521632524
292930,São Gonçalo dos Campos,0.496402877697842,0.566666666666667,0.551876894380975,0.281015139962967,0.491290322580645,0.312367190820229,0.266249602375146
293040,Serra Preta,0.48692904337834,0.725101921956901,0.5541457657126,0.133898305084746,0.28775335426777,0.119308357348703,0.0689466484268126
293110,Tanquinho,0.753048780487805,0.537449392712551,0.527355623100304,0.368899521531101,0.512160228898426,0.460989533777355,0.46577380952381
293140,Teodoro Sampaio,0.36612309310889,0.964399574920297,0.670418006430868,0.554931016862545,0.631497683993824,0.460342146189736,0.302809573361082
293170,Terra Nova,0.479127134724858,0.491927825261159,0.462270133164236,0.57934131736527,0.450358851674641,0.374663878099791,0.241906474820144
29012,Região de Itaberaba,0.581938866577421,0.651042730598525,0.53918640672244,0.327941820730746,0.430181360729636,0.501735414668178,0.525062656641604
290130,Andaraí,0.807323142552435,0.981468282252316,0.824011400071251,0.831313131313131,0.685124864277959,0.930173661360347,0.789931184353495
290380,Boa Vista do Tupim,0.735787763941527,0.69299674267101,0.493743199129489,0.00619035336600464,0.0101694915254237,0.378230227094753,0.37696335078534
290405,Bonito,0.730512991339107,0.710187932739861,0.889905259719046,0.451928965094917,0.705673758865248,1.34973637961336,1.68352223190933
291190,Iaçu,0.657213753987947,0.671489817792069,0.656216216216216,0.0643335048893464,0.0181503889369058,0.423941453214846,0.406699403717994
291260,Ibiquera,0.374636979670862,0.292471042471042,0.141482194417709,0.0986301369863014,0.241537053979872,0.167123287671233,0.0669642857142857
291470,Itaberaba,0.232677966101695,0.496857895803771,0.234996969084664,0.338307194107562,0.538296122952375,0.426843100189036,0.417869243317857
291500,Itaeté,0.887579939414339,0.930341594105827,0.913609072715143,0.780847723704867,0.720773243326174,0.592852779474649,0.514598540145985
291900,Lajedinho,1.00822561692127,0.896103896103896,0.818831942789034,0.27519818799547,0.465816917728853,0.778812572759022,0.706084959816303
291960,Macajuba,0.675817521194994,0.51640340218712,0.338318512530315,0.43448275862069,0.832183908045977,0.626436781609195,0.850934044986656
292080,Marcionílio Souza,0.943413729128015,1.06874129122155,1.31888111888112,0.00397526501766785,0.0200088928412628,0.162811387900356,0.32977303070761
292285,Nova Redenção,0.218905472636816,0.287444933920705,0.155286343612335,0.00780843310775638,0.0112728980742132,0.00984990619136961,0.141588785046729
292720,Ruy Barbosa,0.607811585722645,0.605605021164794,0.618006993006993,0.500756221641688,0.467189434585225,0.414871724516395,0.402464065708419
293280,Utinga,0.984411535463757,0.87906976744186,0.601387818041635,0.189450762158239,0.440406976744186,0.447362081426162,0.489208633093525
293340,Wagner,0.550762756443977,0.523934771173067,0.515772870662461,0.308955223880597,0.590953307392996,0.600291403593978,0.523509452253999
29013,Região de Seabra,0.665348807550057,0.637887678122381,0.717051320983905,0.651844798857415,0.584519255897935,0.403866631960056,0.536787760201796
290010,Abaíra,0.550903901046622,0.5125284738041,0.782191780821918,0.475736568457539,0.45847602739726,0.0823327615780446,0.388674388674389
290400,Boninal,0.421953675730111,0.600599600266489,0.515562913907285,0.450093574547723,0.486512218343383,0.415064607626852,0.525705329153605
291300,Ibitiara,0.81666202284759,0.957039911308204,0.851943755169562,0.798650752464971,0.590637191157347,0.95006468305304,1.03219160442956
291440,Iraquara,0.82855321861058,0.613950565563469,0.660607312538732,0.792704111175449,0.708041958041958,0.396965623199539,0.500949848024316
291930,Lençóis,0.465585269618588,0.383448873483536,0.441630901287554,0.480096501809409,0.548296593186373,0.160778086542279,0.181818181818182
292190,Mucugê,0.639447236180904,0.620247757368646,0.572857764245324,0.680735478478897,0.75,0.294827586206897,0.14291958041958
292303,Novo Horizonte,0.3385460693153,0.408409658617819,0.7850697292863,0.525631216526396,0.467139656460045,0.752212389380531,0.704081632653061
292350,Palmeiras,0.807026743576298,0.492467532467532,0.673722250903459,0.367198838896952,0.529669260700389,0.198646689221846,0.365818530964954
292430,Piatã,0.603299856527977,0.522704837117473,0.350610515823573,0.497782963827305,0.390097177232763,0.142458100558659,0.263527758257203
292990,Seabra,0.678699978827017,0.646041952145041,0.780144821072515,0.600770979539389,0.562776521482647,0.273421439060206,0.551915764843521
293080,Souto Soares,0.913443830570902,1.00396946564885,1.32776427703524,1.28387650085763,0.905179733937164,0.809349479019994,0.91706360325021
29014,Região de Serrinha,0.750343158236536,0.706687130981406,0.744110306871492,0.498356657089113,0.324600008226052,0.308815383668529,0.326731806912644
290040,Água Fria,0.721597633136095,0.38339222614841,0.416520210896309,0.0438620689655172,0.0691737578918474,0.173628173628174,0.0464371497197758
290210,Araci,0.333143993183755,0.294018058690745,0.54846247312833,0.212704269899842,0.064687909209952,0.107217210270645,0.125538461538462
290327,Barrocas,0.40865992414665,0.075984990619137,0.077018249304052,0.2966077123804,0.449612403100775,0.388967870344043,1.24014084507042
290360,Biritinga,0.486614173228346,0.368520263901979,0.445563247325362,0.23604513064133,0.00889152341434499,0.0230700976042591,0.0244725738396624
290680,Cansanção,0.340559041642898,0.8715322236449,0.856352022711143,0.79943729903537,0.908095110873631,0.660895045285029,0.741813929313929
290840,Conceição do Coité,1.4731925264013,1.33008796078695,1.28968412634946,1.20503034474129,0.82635957288304,0.776161715764822,0.718113744662417
291070,Euclides da Cunha,0.676552216319086,0.449113125739062,0.551524175221378,0.148606811145511,0.0147252747252747,0.0196439081812831,0.0236853541938288
291910,Lamarão,0.242774566473988,0.165770171149144,0.242921013412817,0.0285714285714286,0.0202312138728324,0.0994636762554851,0.083502024291498
292150,Monte Santo,0.778729281767956,0.893045164865614,0.649587695728713,0.599789270348582,0.507870899657022,0.436608557844691,0.55045871559633
292265,Nordestina,1.23798076923077,1.38433879344786,1.17562724014337,1.16441441441441,0.94170403587444,0.857461853368068,0.752196193265007
292580,Queimadas,0.742660384197173,0.92533526640087,0.467017035157666,0.568956655816344,0.46142001710864,0.526153846153846,0.461344537815126
292590,Quijingue,0.793041606886657,0.800715563506261,0.639300374799215,0.596260737746337,0.437206178643385,0.351167149429204,0.0784615384615385
292610,Retirolândia,0.942509299966182,1.07774798927614,0.966489714664897,0.618498909996886,0.648548486720198,0.856749311294766,0.800334168755221
292800,Santaluz,0.306373176350141,0.307858596134283,0.241531850353893,0.218460441910192,0.0265549392186947,0.029208211143695,0.164634146341463
292895,São Domingos,0.87141652613828,0.905541561712846,0.957124842370744,0.741092636579572,0.466640347414133,0.603305785123967,0.556893687707641
293050,Serrinha,0.741803499327052,0.528760825403614,0.890542204142804,0.0971830985915493,0.0178321678321678,0.0594044665012407,0.0856842737094838
293150,Teofilândia,0.395896328293736,0.304394657475226,0.623736830789078,0.540973630831643,0.28149646107179,0.0508064516129032,0.149283439490446
293190,Tucano,0.831619537275064,0.767489536174938,0.824686940966011,0.634698795180723,0.00768184364247419,0.00966339185053954,0.0185232827373296
293300,Valente,1.1236276849642,1.19239198497182,1.13523515805705,0.810414269275029,0.775003546602355,0.736768412209465,0.702268041237113
2902,Centro-Norte,0.775343966048326,0.772654655440017,0.683427023596346,0.416329082805135,0.431174541660456,0.455936482343831,0.449501697976688
29021,Região de Irecê,0.865325986314672,0.900796060176752,0.765858794014873,0.443939937910498,0.500420009240203,0.543743726998996,0.484867092691659
290115,América Dourada,1.08114558472554,0.988961813842482,0.752684964200477,0.458544839255499,0.974936637566883,0.774275260343372,0.582292849035187
290300,Barra do Mendes,0.583994919021912,0.55456570155902,0.333226939036068,0.240471869328494,0.0183262064752596,0.109174311926606,0.186585365853659
290323,Barro Alto,0.662117177097204,0.786513157894737,0.812052117263844,0.74496644295302,0.716750966974115,0.745138479670006,0.618918918918919
290530,Cafarnaum,0.697693574958814,0.825778263244129,0.561889250814332,0.648607206746742,1.01448170731707,0.971948445792267,0.644194756554307
290620,Canarana,1.08668388048691,1.14188941779568,0.905393136008716,0.262762506402595,0.0233819044391732,0.486118122160525,0.340920418674198
290760,Central,0.961628817541112,0.847537138389367,0.896327168533472,1.12370880472209,0.679911699779249,0.805827619980411,0.587521663778163
291130,Gentio do Ouro,1.08170515097691,1.04474966770049,0.729836932569414,0.163409563409563,0.0111893907998342,0.0285006195786865,0.0450669914738124
291240,Ibipeba,0.987086776859504,1.22444273635665,0.875984752223634,0.865839102411077,0.722985781990521,0.691439322671684,0.514305982501773
291310,Ibititá,0.608823529411765,0.759018404907975,0.704752524008865,0.24277052238806,0.0133022170361727,0.355742296918768,0.209693132001948
291460,Irecê,0.592535269956545,0.752783833146762,0.446149358226371,0.191293886033031,0.617809554761131,0.512642937671123,0.489792654975748
291535,Itaguaçu da Bahia,0.991898148148148,1.01221374045802,0.620181405895692,0.734065155807365,0.725008768853034,0.523280055594163,0.52565445026178
291835,João Dourado,0.85731272294887,0.812573443008226,0.498547356188263,0.452748050063486,0.201436265709156,0.324742268041237,0.216054804145442
291850,Jussara,0.914187284685249,0.897081895199247,1.14173475801383,0.0240928019036288,0.0767628681939899,0.0437369830407617,0.207719505008839
291915,Lapão,1.16064049586777,0.893562231759657,0.877033738653879,0.146826037796802,0.0217321313586607,0.239210652976095,0.361355081555834
292205,Mulungu do Morro,0.907060231352214,1.07413441955193,0.880665280665281,1.33413461538462,0.724871895940087,0.928714457348819,0.882069795427196
292560,Presidente Dutra,1.65399938706712,1.70327317222392,1.59749771132133,0.954781105990783,1.48147084171215,1.29504439988542,1.19903433476395
292925,São Gabriel,1.04379740641057,1.05968688845401,1.03228173147469,0.0319222761970854,0.0117810117810118,0.611905860636825,0.462494247583985
293240,Uibaí,1.26862925482981,1.20257037943696,1.30498623432242,0.738715277777778,1.05867052023121,0.933064050778996,1.00231013572047
293360,Xique-Xique,0.610402042118698,0.617459643160578,0.785320322443784,0.511428859127983,0.601868595539482,0.457652600982259,0.46408507223114
29022,Região de Jacobina,0.683478200723953,0.641587984313365,0.599002064693737,0.388034021555642,0.359970199533558,0.365529936058903,0.413066555151671
290510,Caém,0.659038901601831,0.751396648044693,0.803698435277383,0.923076923076923,0.659279778393352,0.666199158485273,0.612587412587413
290550,Caldeirão Grande,0.581271412257328,0.527609682299546,0.438392186326071,0.614406779661017,0.518583450210379,0.528058556988498,0.391849529780564
290687,Capim Grosso,0.366960907944515,0.582942830365511,0.53312693498452,0.616378684478002,0.541804576198014,0.555111364934323,0.470438054286482
291750,Jacobina,0.559730932632005,0.583072574947007,0.500402900886382,0.269214316269785,0.328278280650206,0.185594782362115,0.325165753819545
292010,Mairi,0.89156355455568,0.861305624576463,0.800908059023837,0.616411802713763,0.662421756960933,0.690460739779364,0.750991626267078
292120,Miguel Calmon,0.838360273287785,0.703871292106586,0.798619296177808,0.0633802816901408,0.026828489300543,0.125460663355232,0.702188848058795
292140,Mirangaba,0.844034169192615,0.575443383356071,0.753039718994866,0.540759493670886,0.596838936276969,0.549589858314691,0.486603910209993
292170,Morro do Chapéu,0.69058530836716,0.561616954474097,0.495099960799686,0.112125323794252,0.220128156803619,0.211839959864543,0.0488476953907816
292335,Ourolândia,0.673913043478261,0.54023307436182,0.666114333057166,0.373732119635891,0.0931918198291483,0.275817666752511,0.401020408163265
292480,Piritiba,0.78511263467189,0.610110400929692,0.554959785522788,0.508520179372197,0.454062665958577,0.335553997194951,0.411960715538408
292593,Quixabeira,0.802777777777778,0.906685236768802,0.668523676880223,0.994278169014085,0.842800528401585,0.825033054208903,0.661661191928672
292937,São José do Jacuípe,0.963870967741935,0.774358974358974,0.780612244897959,0.708566853482786,0.260350318471338,0.230312623664424,0.303178484107579
292980,Saúde,0.600643546657133,0.650357142857143,0.566560170394036,0.504353650368386,0.432432432432432,0.421875,0.438769035532995
293060,Serrolândia,0.687604410290678,0.632524110409046,0.710029791459782,0.584864528184366,0.592007434944238,0.470860314523589,0.468862275449102
293130,Tapiramutá,1.00086505190311,0.947733179324285,0.738488271068636,0.127642053252814,0.0238030095759234,0.621029572836802,0.590884861407249
293245,Umburanas,0.591049817056009,0.365833333333333,0.42515792364735,0.241140215716487,0.0593757929459528,0.195881466599699,0.180490220351572
293305,Várzea da Roça,0.774317817014446,1.07919204873357,0.62592,0.507399577167019,0.423922868333836,0.321911632100992,0.315980629539952
293310,Várzea do Poço,0.796740172579099,0.602863961813842,0.556187766714083,0.0975935828877005,0.0186252771618625,0.697397441552713,0.459088898717382
293315,Várzea Nova,0.621399176954732,0.437003797031412,0.547916666666667,0.294059405940594,0.630218687872763,0.463227953410982,0.516279069767442
2903,Extremo Sul,0.35972621260774,0.445425079079939,0.45670444310603,0.301501445491001,0.281707711500254,0.375916198387491,0.337054484315121
29031,Região de Porto Seguro,0.352632630632431,0.446264768700848,0.507973527400606,0.434568381100454,0.411324810498925,0.492359228304466,0.378072337307667
290340,Belmonte,0.420530515419452,0.388984140591513,0.466553046442267,0.137565078093712,0.0985270700636943,0.0255142405063291,0.0129844579972457
291072,Eunápolis,0.340564780026663,0.336672386957736,0.539839065951404,0.420398918681961,0.369065683936701,0.649799742526105,0.400835960468988
291180,Guaratinga,0.200334938245761,0.00126555578991774,0.00254939451880178,0.000616269515201315,0.0123915737298637,0.0224159402241594,0.0293994995829858
291465,Itabela,0.184371386089542,0.519685039370079,0.835288367546432,0.539733578318787,0.585499316005472,0.625377643504532,0.354901666416454
291530,Itagimirim,0.0,0.0608228980322004,0.0,0.0,0.0154021677124929,0.0223623853211009,0.21046578493387
291630,Itapebi,0.497180043383948,0.576973397296119,0.480525164113786,0.394506866416979,0.790396659707724,0.468396818752616,0.494132439228835
292530,Porto Seguro,0.389624687239366,0.598153483499214,0.532295419454452,0.549533047055644,0.546236368472382,0.535814116002795,0.485841470419299
292770,Santa Cruz Cabrália,0.502719238613188,0.510886075949367,0.492875104777871,0.487421887518026,0.212034383954155,0.290842954293848,0.268311851618988
29032,Região de Teixeira de Freitas,0.36555553274903,0.444732824427481,0.41432767129924,0.191214788565581,0.174027463180353,0.278967595097289,0.302836662684411
290080,Alcobaça,0.548456723505288,0.535159620362381,0.380163511187608,0.0,0.00652173913043478,0.00710059171597633,0.0123893805309735
290690,Caravelas,0.471527631855432,0.281171548117155,0.222939217318901,0.138424340116865,0.0397032283938239,0.0137724550898204,0.0560190703218117
291280,Ibirapuã,0.839395635142697,0.618625277161862,0.695986805937328,0.0186239006725297,0.00770020533880903,0.0305810397553517,0.416666666666667
291560,Itamaraju,0.508591065292096,0.578276699029126,0.17349689943381,0.000759685996454799,0.0330129015937263,0.185592417061611,0.185168822972547
291600,Itanhém,0.956986899563319,0.991218441273326,0.74537037037037,0.130323679727428,0.00192225544639043,0.00963597430406852,0.0914359304571797
291845,Jucuruçu,0.687528762080074,0.34798877455566,0.467014712861889,0.13928083750569,0.00138248847926267,0.00980392156862745,0.487022180273714
291890,Lajedão,0.806941431670282,0.696774193548387,0.621244635193133,0.0,0.0,0.00905432595573441,0.0120481927710843
292110,Medeiros Neto,0.000600841177648708,0.0,0.00239377618192699,0.200739371534196,0.449834009590557,0.787382747838882,0.692350027517887
292200,Mucuri,0.566843629343629,0.615731403487958,0.818563922942207,0.0254763200870985,0.00354077253218884,0.00698634487138774,0.0163077566380932
292300,Nova Viçosa,0.677843069478051,0.661016949152542,0.739550561797753,0.139688879545932,0.21947417645225,0.293277138157895,0.389657980456026
292550,Prado,0.579273260550758,0.323888617489008,0.251584592881521,0.394089432152251,0.14682723483094,0.0106284658040665,0.11669741697417
293135,Teixeira de Freitas,0.000878220140515222,0.292617642826306,0.393905064008157,0.352,0.316960220620756,0.498819483652415,0.471123387648564
293325,Vereda,0.670255720053836,0.756114130434783,0.252739726027397,0.0,0.0122282608695652,0.0164046479835954,0.0123711340206186
2904,Leste,0.579395748313618,0.552432495670925,0.482266449730843,0.233712293195497,0.226561113674273,0.214313538924049,0.214976416209012
29041,Região de Camaçari,0.54438206027258,0.529281274480375,0.441066276215495,0.307374178701264,0.323265354268788,0.134372522095654,0.218193594269894
290570,Camaçari,0.64483407972402,0.630373067547135,0.481516630513377,0.44413594887965,0.444720734506503,0.151039223831794,0.233755463114107
290860,Conde,0.758290816326531,0.685461813591416,0.559258487815039,0.657879320445226,0.452611218568665,0.376581065542353,0.249809885931559
291005,Dias d'Ávila,0.322707034728406,0.22461752433936,0.295190619158217,0.149196512971327,0.249240747413394,0.0425972713491662,0.112816691505216
292100,Mata de São João,0.565512423909789,0.607535321821036,0.496234067207416,0.0145840835433922,0.0146380411639461,0.0162800875273523,0.45742933702135
292520,Pojuca,0.377636887608069,0.618788291354663,0.524421593830334,0.0178347934918648,0.144076511723571,0.169322911379555,0.166148289354871
293070,Simões Filho,0.465716829919858,0.411475942782835,0.377104377104377,0.230783056737164,0.237526248853923,0.143537733091717,0.175521766780367
29042,Região de Cruz das Almas,0.490399733193578,0.515504978662873,0.437897287431556,0.343989807709401,0.306031306193438,0.29457409825004,0.297172281375458
290485,Cabaceiras do Paraguaçu,0.671530837004405,0.734007654455987,0.546637744034707,0.363242416517971,0.561123766135156,0.534825245159668,0.45443258008443
290490,Cachoeira,0.436716077537058,0.350624763347217,0.372595851665619,0.341272662637753,0.403798513625103,0.204465334900118,0.233603707995365
290820,Conceição da Feira,0.485944564576371,0.485319852226327,0.43640561862613,0.397114517583408,0.278571428571429,0.194233150539537,0.203648482722329
290980,Cruz das Almas,0.249813849590469,0.35349553433939,0.311135571454779,0.338484517722755,0.0230979810653587,0.150229422761004,0.2315753887762
291160,Governador Mangabeira,0.799835931091058,0.420944978523215,0.725974290961028,0.329035982297479,0.480920421860019,0.456995412844037,0.448321638535938
292060,Maragogipe,0.453303185214314,0.630681818181818,0.392717688402968,0.272978194866133,0.442122628540006,0.277382256297919,0.333029030491145
292230,Muritiba,0.444684879632134,0.61726560389084,0.40494527766518,0.445847684653655,0.468356042276837,0.405467260012715,0.336018411967779
292900,São Félix,0.93972972972973,0.885352036687348,0.758073196986006,0.365760731521463,0.495315269688529,0.554265522463402,0.402323892519971
292960,Sapeaçu,0.78569685135465,0.626309378806334,0.512070226773958,0.278186838472158,0.0440771349862259,0.378006872852234,0.226529240421241
29043,Região de Salvador,0.579500673911438,0.543701017029102,0.479706770104978,0.181676783267634,0.188688726586862,0.197587457592028,0.19274109739377
290650,Candeias,0.260343758306016,0.362895768197631,0.335770898103954,0.0488176649913488,0.0215251126314033,0.175584868093579,0.250815004332934
291610,Itaparica,0.43725379853686,0.337744641192917,0.412854232265234,0.460815047021944,0.450441100155682,0.257393397524072,0.266199350316293
291920,Lauro de Freitas,0.465973144138066,0.434430412042352,0.530810023915982,0.417467299455956,0.509071989404976,0.394726573387591,0.482611794375103
291992,Madre de Deus,0.597512953367876,0.480364372469636,0.677821782178218,0.289966923925028,0.0140540540540541,0.0132743362831858,0.0276666086653906
292740,Salvador,0.599380784265684,0.559116403761836,0.483484125316932,0.165164665210018,0.169889696531446,0.184900809978169,0.173067560440155
292860,Santo Amaro,0.435003915426782,0.464034401876466,0.334504293520687,0.297235872235872,0.233639705882353,0.223730056849441,0.195572630808635
292920,São Francisco do Conde,0.95472050414284,0.830212521539345,0.690427698574338,0.135240709459459,0.475872382851446,0.419751870815282,0.348613138686131
292950,São Sebastião do Passé,0.465484311050477,0.366542885608188,0.29022651385254,0.0224470708273106,0.0274250888776028,0.0280704712130153,0.0717884130982368
292975,Saubara,0.702994428969359,0.595649171270718,0.256701030927835,0.273167581530513,0.104874919820398,0.158750398469876,0.0903614457831325
293320,Vera Cruz,0.257205743632743,0.405095935630287,0.501626346818459,0.498388014413048,0.33495417991397,0.313573407202216,0.267749589341121
29044,Região de Santo Antônio de Jesus,0.675390746445833,0.680839113707209,0.584317877842176,0.531011712915651,0.386029507541878,0.421957135335296,0.356381003814089
290100,Amargosa,0.636626854867897,0.850161696011498,0.750267570460221,0.729294735665586,0.609400860642171,0.496327157109966,0.499073973199695
290230,Aratuípe,0.220730397422127,0.508828250401284,0.570739549839228,0.745078243311459,0.255578093306288,0.335696202531646,0.132018209408194
290730,Castro Alves,1.12812142973723,0.83978529603123,0.596884128529698,0.790053557765876,0.421839255757206,0.449475763561769,0.297800855222969
290830,Conceição do Almeida,1.06791875955449,0.936305732484076,0.637466902030009,0.311753614079195,0.239646836241329,0.237291710609576,0.296153846153846
291020,Dom Macedo Costa,1.18730158730159,1.63550420168067,1.0797481636936,1.20655412115194,1.07227722772277,0.935834155972359,0.785783836416748
291030,Elísio Medrado,0.9703125,0.968295218295218,0.761286974571873,1.00049115913556,0.773955773955774,0.804123711340206,0.698630136986301
291685,Itatim,0.57346258709482,0.546151389332482,0.23744437380801,0.825449101796407,0.415094339622642,0.371087928464978,0.425531914893617
291780,Jaguaripe,0.41645885286783,0.658656471873293,0.530458221024259,0.436665827247545,0.427085912354543,0.489720998531571,0.450145208131655
291820,Jiquiriçá,0.867537313432836,0.827072337783297,0.538317757009346,0.765432098765432,0.381259150805271,0.304906542056075,0.20810259399592
291880,Laje,0.120713577799802,0.0135267594589296,0.0436723602484472,0.00490819850936193,0.0111482720178372,0.236377025036819,0.122169466764061
292130,Milagres,0.442211055276382,0.22248243559719,0.32967032967033,0.00335695635956733,0.0652895610475839,0.344189489267209,0.0233853006681514
292220,Muniz Ferreira,0.481318681318681,0.403940886699507,0.4617903930131,0.375963020030817,0.243989769820972,0.249108507386653,0.239873750657549
292240,Mutuípe,0.758653846153846,0.73174937727534,0.662784036662211,0.684712230215827,0.374319912948857,0.637053087757313,0.453645364536454
292250,Nazaré,0.422423887587822,0.497592997811816,0.436173306193661,0.296545105566219,0.190541093089819,0.355959815367907,0.251321675477837
292280,Nova Itarana,0.534712950600801,0.484447385837194,0.738188976377953,0.785582255083179,0.325257419745609,0.354415274463007,0.200948429164197
292575,Presidente Tancredo Neves,0.352449223416965,0.732037691401649,0.577683068578071,0.285610859728507,0.0178134823611596,0.416882444329363,0.502733173898189
292730,Salinas da Margarida,0.881330079316656,0.668165467625899,0.831367924528302,0.857731392474595,0.541396103896104,0.26974386339381,0.387045813586098
292850,Santa Teresinha,1.17561886968706,0.960611677479147,0.810400368154625,0.888072601555748,1.00814402057437,0.80970625798212,0.100724160631995
292870,Santo Antônio de Jesus,0.818181818181818,0.781482225346455,0.739907611970275,0.541674577558382,0.682903714935557,0.540499621498865,0.745789895749799
292910,São Felipe,0.796701030927835,0.828395061728395,0.483196721311475,0.632250580046404,0.309156193895871,0.4547729710404,0.327991452991453
292940,São Miguel das Matas,0.626582278481013,0.697216564833673,0.623275862068965,0.595597227884223,0.309610836379273,0.278350515463918,0.299420476497102
293210,Ubaíra,0.614343707713126,0.692412539754657,0.410714285714286,0.366362451108214,0.385321100917431,0.337137840210711,0.383034543069523
293317,Varzedo,0.700834897934726,0.678038379530917,0.636832239925023,0.467039596358451,0.415558126084442,0.421254205741284,0.386585322597808
2905,Nordeste,0.512581924529493,0.521124622447431,0.497478089600767,0.449181566603207,0.390946502057613,0.354699942772341,0.317819027528843
29051,Região de Alagoinhas,0.488752148675917,0.506288815393371,0.508369589263329,0.445312138995425,0.418828263047985,0.376148671759206,0.322571398397779
290030,Acajutiba,0.302482378179589,0.557968797797492,0.458371454711802,0.425366695427092,0.362098623853211,0.225428571428571,0.181299885974915
290070,Alagoinhas,0.338023813205505,0.292594868643417,0.375229498164015,0.375629405840886,0.308397855866587,0.401790154152163,0.402123752119043
290190,Aporá,0.542678151918559,0.484273459838835,0.399948226766762,0.144146341463415,0.219281204468188,0.192168237853517,0.189169675090253
290205,Araças,0.880722891566265,0.806813627254509,0.807185628742515,0.0597744360902256,0.0280898876404494,0.0335695635956733,0.0318091451292246
290220,Aramari,0.658291457286432,0.670822942643391,0.476152304609218,0.536925395629239,0.493457943925234,0.469167904903418,0.332225913621262
290700,Cardeal da Silva,0.903573454339195,0.852560495216657,0.723154362416107,0.748424369747899,0.511470281543274,0.344899016053858,0.375386199794027
290750,Catu,0.43596749838211,0.535186111309566,0.404927577392786,0.488218409985982,0.382013529645842,0.405405405405405,0.360644992134242
290960,Crisópolis,0.279293739967897,0.387251542152159,0.498293515358362,0.264422045893202,0.306213965406791,0.267276206676589,0.270533446232007
291050,Entre Rios,0.562049377321389,0.587985634998368,0.608973664246234,0.362243334354888,0.533055329536208,0.446627506582945,0.264696984975295
291060,Esplanada,0.549738219895288,0.627829002514669,0.654839155046252,0.455367523575765,0.435743484925907,0.418657565415245,0.307470904767864
291370,Inhambupe,0.616918582497142,0.685832393836903,0.860002471271469,0.868721856598545,0.786431014823261,0.528457117096811,0.0338142470694319
291590,Itanagra,0.275976174718729,0.333996023856859,0.32093023255814,0.31390977443609,0.156015037593985,0.265037593984962,0.281132075471698
291650,Itapicuru,0.448503453568688,0.581335356600911,0.526473676316184,0.454634831460674,0.464776990412672,0.306316224026421,0.334969325153374
291790,Jandaíra,0.676056338028169,0.550872093023256,0.72208796520058,0.637773722627737,0.552523874488404,0.410884353741497,0.291591320072333
292330,Ouriçangas,1.13740022805017,0.755113636363636,0.908522727272727,0.784640171858217,0.751609442060086,0.685393258426966,0.36663124335813
292410,Pedrão,0.633514986376022,0.676569885212694,0.377762893503014,0.177247014456317,0.400249376558604,0.330445544554455,0.413274890419537
292700,Rio Real,0.813104448742747,0.791196929719357,0.701011302795955,0.653515144741254,0.696196917618361,0.331938786744468,0.553624139061987
292970,Sátiro Dias,0.447908745247148,0.549456109284088,0.258202927814235,0.287720133269871,0.330249110320285,0.168954093705632,0.0969568294409059
29052,Região de Ribeira do Pombal,0.553758734987301,0.546900524460494,0.478452532596717,0.455975012845128,0.341770102536427,0.316887537016441,0.309479369365792
290035,Adustina,0.614373356704645,0.557876414273281,0.511668107173725,0.316260162601626,0.441603875134553,0.459748595881252,0.256641870350691
290160,Antas,0.303696545059193,0.140949201049368,0.218168980936691,0.0349758029036516,0.00521852576647097,0.0354915035491504,0.10531914893617
290265,Banzaê,0.501204819277108,0.517406962785114,0.488986784140969,0.623391370174111,0.303740083112958,0.307160152196472,0.429310344827586
290780,Cícero Dantas,0.576350921805467,0.525428027901078,0.501707779886148,0.344268161755935,0.0488703923900119,0.0185802763220581,0.0252969121140143
290790,Cipó,0.482511704764528,0.538651315789474,0.441104126810604,0.651737451737452,0.341188524590164,0.231565967940814,0.219548133595285
290920,Coronel João Sá,0.368166287015945,0.399308556611927,0.136482939632546,0.204241071428571,0.100535060546325,0.161125319693095,0.0361134995700774
291075,Fátima,0.928139183055976,0.890826383623957,0.727756653992395,0.709274387313791,0.757940327237729,0.648843930635838,0.727404193781634
291185,Heliópolis,0.494472361809045,0.370843130668458,0.218697266284171,0.49248,0.369349150368708,0.251445086705202,0.285714285714286
292290,Nova Soure,0.586870401810979,0.609251598345243,0.336022514071295,0.305363781200212,0.330746163344505,0.22617579707592,0.190166812993854
292305,Novo Triunfo,0.367965367965368,0.522904062229905,0.231433506044905,0.336692999182784,0.1664400326353,0.327628361858191,0.151991330262801
292310,Olindina,0.5024893314367,0.490783410138249,0.543720190779014,0.555314895034988,0.412213740458015,0.481726475938482,0.428642056690837
292380,Paripiranga,0.472917971195992,0.5289436729599,0.514232384507699,0.345798504179498,0.338688476705126,0.272489082969432,0.257577955039884
292650,Ribeira do Amparo,0.667128507100797,0.696539792387543,0.563598759048604,0.62813415825464,0.496914582656707,0.559766763848397,0.412391093901258
292660,Ribeira do Pombal,0.645549318364074,0.665630826600373,0.668965517241379,0.683806983915326,0.60318645755539,0.546240632463147,0.625830885762869
293076,Sítio do Quinto,0.660816618911175,0.556701030927835,0.664399092970522,0.484615384615385,0.139378044211315,0.0390954388654657,0.0540117416829746
2906,Norte,0.551067171288072,0.593210000298593,0.52160137760209,0.406768300224626,0.347543779624378,0.32778557793939,0.346620909173482
29061,Região de Juazeiro,0.522576491836698,0.492174808475885,0.516623905625942,0.329229494614747,0.337439822244167,0.282035561005518,0.282131042314719
290590,Campo Alegre de Lourdes,0.649856151633102,0.729194857916103,0.984802431610942,0.459735289427524,0.706443914081146,0.652960787426576,0.421027592768792
290682,Canudos,0.345981475948611,0.340747330960854,0.445754716981132,0.287694013303769,0.38419168273203,0.108344733242134,0.148158253751705
290720,Casa Nova,0.570621872766262,0.473271107339839,0.582615998320386,0.203986623827946,0.474811737211114,0.426586918772911,0.390663860723168
290990,Curaçá,0.788898999090082,0.645438121047877,0.600358959018845,0.0408765276021913,0.00711297071129707,0.0153824833702882,0.333655705996132
291840,Juazeiro,0.542541252753647,0.497198994933476,0.534629206141784,0.464672975976091,0.352689765215409,0.263440556277913,0.272217863947103
292440,Pilão Arcado,0.10172570390554,0.379294755877034,0.465587044534413,0.403218975010589,0.647996613995485,0.29949452401011,0.402684563758389
292600,Remanso,0.480618418104414,0.500724233983287,0.499889135254989,0.515287488260461,0.466998754669988,0.343485442907289,0.167060515771088
293020,Sento Sé,0.487450462351387,0.32278729245653,0.195077720207254,0.0021849963583394,0.00360880548538434,0.394539167759628,0.214028776978417
293077,Sobradinho,0.603988603988604,0.430681818181818,0.320234271679577,0.0475935828877005,0.00586458148213968,0.00425155004428698,0.174289245982695
293200,Uauá,0.421424687330071,0.566429743028978,0.350935093509351,0.0141139571353894,0.0141682700717159,0.083172486401123,0.178875638841567
29062,Região de Paulo Afonso,0.50135715698082,0.646715250241132,0.524531383129793,0.506443428037258,0.388472383479847,0.361095998812998,0.548163445935979
290020,Abaré,0.604322527015794,0.297062023939064,0.341711229946524,0.413844621513944,0.427310615346899,0.321014492753623,0.953769559032717
290770,Chorrochó,0.569877883310719,0.312866817155756,0.39658273381295,0.460755197284684,0.367864693446089,0.296967144060657,0.270780856423174
291140,Glória,0.43323782234957,0.175007148984844,0.31931330472103,0.00323886639676113,0.397522219229733,0.294196668457818,0.645611156685808
291810,Jeremoabo,0.55681402995981,0.718417231364956,0.923881673881674,0.537713445663237,0.22478094810155,0.148727110317106,0.457418496340652
291990,Macururé,0.129988597491448,0.0514579759862779,0.075993091537133,0.08529250956807,0.223929747530187,0.123762376237624,0.138333333333333
292400,Paulo Afonso,0.544823906083244,0.89906865166161,0.564474927389159,0.666151976083314,0.498794238414912,0.518292091217855,0.626157407407407
292420,Pedro Alexandre,0.164777680906713,0.141903656413233,0.0747609388583019,0.0221614227086183,0.0606060606060606,0.0759803921568627,0.0848287112561175
292710,Rodelas,0.504055619930475,0.302564102564103,0.381085618354785,0.305164319248826,0.262210796915167,0.126267748478702,0.360116166505324
292760,Santa Brígida,0.45014615134784,0.420671494404213,0.461615154536391,0.548489666136725,0.284109149277689,0.215673575129534,0.488665803108808
29063,Região de Senhor do Bomfim,0.641834291552926,0.720660202437764,0.527652806180414,0.455142575642911,0.329910396814109,0.378453821520673,0.28353373885981
290135,Andorinha,0.495189416716777,0.460490463215259,0.538883806038426,0.599651871192341,0.268591426071741,0.66295427901524,0.562029551156956
290180,Antônio Gonçalves,0.605548854041013,0.507765830346475,0.644970414201183,0.426350851221318,0.38049853372434,0.539607558139535,0.615072035463613
290600,Campo Formoso,0.476845546172705,0.775353973308041,0.502898355351847,0.474114960030453,0.340694006309148,0.631033833406566,0.439019851116625
291085,Filadélfia,0.991318502441671,1.2441607821836,0.929116684841876,0.689628482972136,0.433548387096774,0.546862896979086,0.496956866896004
291700,Itiúba,0.555629314922995,0.738559490648627,0.6096171678368,0.498686679174484,0.151685393258427,0.181263236576554,0.0364450127877238
291770,Jaguarari,0.73365208831388,0.791148959932989,0.655248925253086,0.583659108678655,0.519156096298214,0.274270284171274,0.0216417910447761
292460,Pindobaçu,1.0549889135255,0.893460854092527,0.576176667410216,0.777261200338123,0.644171779141104,0.325990256301631,0.034758795028439
292525,Ponto Novo,0.936259771497294,0.851560133292942,0.285191956124314,0.374782608695652,0.36997084548105,0.65076112412178,0.546995835812017
293010,Senhor do Bonfim,0.581883559832901,0.553145677975003,0.40246192363864,0.248737435645992,0.224835646457268,0.166513428502299,0.240841777084957
2907,Oeste,0.678645597242281,0.656161850435655,0.636453084623232,0.485752031434414,0.450505585516179,0.445199197477787,0.443653544802697
29071,Região de Barreiras,0.739825663347579,0.667920759114367,0.637950444296285,0.443928476658978,0.365488364602625,0.327103639452741,0.295014208214932
290140,Angical,0.85427807486631,0.658855038500167,0.974117647058824,0.279158699808795,0.039259495691031,0.556869009584665,0.542226487523992
290250,Baianópolis,0.554159592529711,0.538825118163403,0.375394321766562,0.560595802301963,0.477363515312916,0.481113320079523,0.369306930693069
290320,Barreiras,0.75414912808178,0.832413670345319,0.807438863669644,0.56960569550931,0.562897008523807,0.468055406421132,0.50503493902277
290440,Brejolândia,0.88992310805342,0.972289156626506,0.0789788591942561,0.427114322141946,0.397636133389616,0.422287390029326,0.378434637801832
290740,Catolândia,1.446519524618,0.986577181208054,0.878453038674033,0.00389105058365759,0.0401459854014599,0.611580217129071,0.577617328519856
290940,Cotegipe,0.738344777737622,0.606741573033708,0.578509406657019,0.136643835616438,0.237166324435318,0.509240246406571,0.472982216142271
290970,Cristópolis,0.650138696255201,0.55997234704459,0.550619834710744,0.235637779941577,0.421784098254687,0.438506117192531,0.239576651699808
291110,Formosa do Rio Preto,0.453271028037383,0.180302697960079,0.354315379623621,0.0497271073377805,0.179328268692523,0.246640316205534,0.156537033418018
291955,Luís Eduardo Magalhães,0.723770677543621,0.58743365370822,0.474451056843833,0.576284879746442,0.260931558935361,0.158809359944941,0.10397689402355
292045,Mansidão,0.893129770992366,0.105137395459976,0.530321046373365,0.492004462625511,0.223498888065233,0.126791620727674,0.0175182481751825
292620,Riachão das Neves,0.759170305676856,0.639816633922724,0.460934089917067,0.0328173374613003,0.015460729746444,0.0457166392092257,0.0209703947368421
292840,Santa Rita de Cássia,0.879471656576775,0.604045189504373,0.568021680216802,0.583687340696686,0.539263494198756,0.137844611528822,0.00968076524144289
292890,São Desidério,0.865183005333824,0.775341480948958,0.86347642505278,0.193021766965429,0.00665926748057714,0.00748129675810474,0.165184049079755
293090,Tabocas do Brejo Velho,0.454470198675497,0.367549668874172,0.476623913942904,0.580116533139111,0.314296107675518,0.539411551035234,0.403699673558215
293345,Wanderley,0.54484052532833,0.578708946772367,0.594768764215315,0.28453829634932,0.34698275862069,0.354466858789625,0.142960288808664
29072,Região de Ibotirama,0.75987669343717,0.810374080956613,0.833391453633413,0.561567820017074,0.529962780705918,0.640213877144989,0.612307082517898
290270,Barra,0.857713208384163,0.902771667399912,0.930379746835443,0.46740467404674,0.545260374288039,0.558695871605935,0.614135338345865
290450,Brotas de Macaúbas,0.284574468085106,0.498432601880878,1.06114130434783,0.669609079445145,0.62962962962963,0.676962676962677,0.687848862172606
290475,Buritirama,0.730675345809601,0.799299568965517,0.993574297188755,0.551359516616314,0.100496277915633,0.446225949679329,0.372885511154695
291320,Ibotirama,0.825528169014085,0.755922091595017,0.826519916142558,0.332185039370079,0.407153356197942,0.676323029616443,0.634327155519742
291410,Ipupiara,0.93609022556391,0.751050910789351,0.935408921933085,1.03145478374836,0.848958333333333,0.882657463330457,0.963267070008643
292160,Morpará,0.666092943201377,0.757331799884991,0.586843623773803,0.0142706131078224,0.174603174603175,0.66896186440678,0.353503184713376
292225,Muquém de São Francisco,0.576086956521739,0.533127889060092,0.610714285714286,0.0904033379694019,0.623735050597976,0.53422756706753,0.3865623561896
292320,Oliveira dos Brejinhos,0.758575197889182,0.919621228804228,0.566461267605634,0.916596283783784,0.642134120624209,0.680295047418335,0.600126342387871
292370,Paratinga,0.77228714524207,0.888501742160279,0.817956758541013,0.774622079706826,0.727120959174381,0.747057047992756,0.74290433999099
29073,Região de Santa Maria da Vitória,0.547063781961225,0.550467289719626,0.520200214515552,0.50159368986942,0.527608170437074,0.504256530817867,0.576477034060816
290390,Bom Jesus da Lapa,0.142391612354775,0.0389255155000701,0.0164640500173671,0.171891464699684,0.270503033861813,0.668844188603583,0.57786333012512
290610,Canápolis,0.00594648166501487,0.549925484351714,0.505970149253731,0.248504371836171,0.0331186752529899,0.27448275862069,0.0497695852534562
290810,Cocos,0.911468812877264,0.898266767143934,0.978963185574756,0.90603550295858,0.739910313901345,0.68839726994587,0.720591688189716
290910,Coribe,0.780672523477734,0.804678007290401,0.567246111619396,0.753029428736296,0.768630849220104,0.649305555555556,0.646769052448566
290930,Correntina,0.689090125053903,0.972182391740751,0.937473172127629,0.812202097235462,0.894379581862612,0.628757108042242,0.75901174564601
291077,Feira da Mata,0.294034090909091,0.932432432432432,0.329294369208838,0.379182156133829,0.35910780669145,0.428252788104089,0.37221396731055
291735,Jaborandi,1.40695915279879,0.6,1.47046632124352,1.48774627582893,1.29757281553398,0.828753680078508,1.34554455445545
292810,Santa Maria da Vitória,0.763803680981595,0.638788277905828,0.525569119102606,0.375395987328406,0.50026401943183,0.0608622147083686,1.14351095129127
292820,Santana,0.483128012854847,0.437477797513321,0.389321074964639,0.107072691552063,0.245725451880801,0.173067574137093,0.0928070710149345
292905,São Félix do Coribe,0.408719346049046,0.843813387423935,0.547834843907351,0.562176165803109,0.281303602058319,0.324623686452712,0.417105796513985
293015,Serra do Ramalho,0.684631376939069,0.610479089889441,0.710158883004333,0.630611306879118,0.711155378486056,0.732526057633354,0.411363912884779
293030,Serra Dourada,0.53817642698295,0.547890818858561,0.566658360328931,0.762724188075618,0.657115104419621,0.581893404721343,0.792439024390244
293075,Sítio do Mato,0.636441402908469,0.592088472990217,0.541525423728814,0.611957796014068,0.660186625194401,0.603715170278638,0.70431765612953
2908,Sudoeste,0.59538245053246,0.609036457688786,0.582631228252018,0.496259258393888,0.451876555639455,0.392565481062579,0.467208546214584
29081,Região de Brumado,0.670089531972674,0.654541985946393,0.556499061794358,0.378833269234662,0.502139944280696,0.430674512807078,0.418409492552386
290200,Aracatu,0.705537459283388,0.589566929133858,0.72595041322314,0.710377358490566,0.837496048055643,0.397521448999047,0.699749193837334
290280,Barra da Estiva,1.03053435114504,1.1413881748072,1.22621107266436,1.03027265437049,1.00517618952817,0.781143430290873,1.01272727272727
290410,Boquira,0.899507793273175,0.919950738916256,0.696384552177486,0.743336025848142,0.592256503327284,0.701934703748489,0.525392986698912
290420,Botuporã,0.2315872390705,0.479904496617589,0.991178829190056,0.790468688460024,0.547939778129952,0.647808764940239,0.586773547094188
290460,Brumado,0.787617554858934,0.867704514034982,0.665887430318288,0.499405469678954,0.741789865703645,0.517770779439883,0.55207399103139
290755,Caturama,0.534524384355384,0.667151162790698,0.422351233671988,0.354485776805252,0.460831509846827,0.392560175054705,0.357798165137615
290880,Contendas do Sincorá,0.688202247191011,0.417685794920038,0.141776937618147,0.138138138138138,0.181268882175227,0.308779011099899,0.440729483282675
291010,Dom Basílio,0.585,0.616328095055577,0.582824427480916,0.333333333333333,0.726570726570727,0.391121985319818,0.518105849582173
290050,Érico Cardoso,0.599520383693046,0.450602409638554,0.567272727272727,0.451187335092348,0.265607264472191,0.373434535104364,0.287890327494288
291165,Guajeru,0.391532082060236,0.772747849705749,0.587537091988131,0.867312348668281,0.56128064032016,0.45046439628483,0.4617903930131
291220,Ibicoara,0.712363330529857,0.632799558255108,0.478497550353838,0.0472560975609756,0.268690416457602,0.420922161626177,0.613518197573657
291250,Ibipitanga,0.504750229849831,0.617943240768996,0.550592525068368,0.537249283667622,0.544754846066135,0.585178875638842,0.500988979937836
291720,Ituaçu,0.432515337423313,0.427766032417195,0.285914505956552,0.247160988643955,0.494242692648361,0.267798104474322,0.249396797543321
291860,Jussiape,0.753987433542774,0.900599400599401,0.85427394438723,0.0947843530591775,0.958746736292428,0.618689581095596,0.0128617363344051
291950,Livramento de Nossa Senhora,0.720414201183432,0.618224435980076,0.580148979394408,0.0502606105733433,0.622082833686929,0.401408450704225,0.36734693877551
291980,Macaúbas,0.532943175382292,0.395061728395062,0.211067853170189,0.346599586739736,0.0884553714591128,0.0265064499028097,0.0199982457679151
292030,Malhada de Pedras,1.04158004158004,1.0515625,1.10120608285265,0.047244094488189,0.685249136655155,0.906976744186047,0.744796828543112
292360,Paramirim,0.468621700879765,0.467820338323935,0.275628626692456,0.00056390977443609,0.100392596747056,0.479263529849358,0.334320621991855
292670,Rio de Contas,0.864840989399293,0.415016257759385,0.574866310160428,0.088807442909501,0.145582047685835,0.432189082723692,0.27326565143824
292690,Rio do Pires,0.487460261391734,0.227192673476576,0.187301587301587,0.0955213435969209,0.205307262569832,0.277951933124347,0.157729805013928
293100,Tanhaçu,0.643035343035343,0.682896379525593,0.374219075385256,0.430669800235018,0.319898258657797,0.30140734949179,0.348455220962065
29082,Região de Guanambi,0.63605268684929,0.860451679102619,0.809168411754781,0.747613791312252,0.593050963296821,0.622791446309496,0.642721649484536
290500,Caculé,0.760571216617211,0.757319094089486,0.924383561643836,0.840788072417465,0.608672659968271,0.627735948170198,0.70886296360787
290520,Caetité,0.892450971612788,0.916421109027592,1.13822586391165,0.774896011744556,0.60580204778157,0.74823815309842,0.796689543802988
290660,Candiba,0.660835762876579,0.526112185686654,0.466131621187801,0.445492044784915,0.355991796073835,0.413068844807468,0.426953238454836
290710,Carinhanha,0.588960249956605,1.23532467532468,0.766839378238342,0.803872889771599,0.937314417683933,0.853618421052632,0.948352188883424
291170,Guanambi,0.526372761267467,0.886163767832714,0.871949148430297,0.74797232277872,0.58077728224265,0.685609656856097,0.755594499865193
291200,Ibiassucê,0.811594202898551,1.4505766062603,1.26149304091101,1.26957494407159,1.08159392789374,0.8125,1.1125049000392
291340,Igaporã,0.597813901345292,0.64951048951049,0.793895267432092,0.906884726984964,0.723157894736842,0.790386130811663,0.767716535433071
291733,Iuiú,0.368217054263566,0.430967741935484,0.324914383561644,0.590245935806586,0.437655860349127,0.535847492747617,0.391412056151941
291740,Jacaraci,0.59253499222395,1.00992863791499,0.61493411420205,0.681139380530973,0.647708448371066,0.570247933884298,0.609246009906439
291875,Lagoa Real,0.711637487126674,0.995575221238938,0.956844234659474,0.864923076923077,0.632783882783883,0.523002421307506,0.481514878268711
291940,Licínio de Almeida,0.702928870292887,0.821328671328671,0.821802935010482,0.562251655629139,0.424172185430464,0.447864945382324,0.50297619047619
292020,Malhada,0.561097256857855,0.65546218487395,0.777293934681182,0.579839172889144,0.302839116719243,0.331998856162425,0.370179948586118
292105,Matina,0.544642857142857,1.00758533501896,0.911408274132888,1.06916764361079,0.736617532971296,0.876923076923077,0.679786014520443
292180,Mortugaba,0.585665529010239,1.10456403269755,0.989106753812636,0.542181069958848,0.586242299794661,0.545733788395904,0.633299284984678
292340,Palmas de Monte Alto,0.530150753768844,0.639949906073889,0.860266555601833,0.810082063305979,0.587147030185005,0.638074907820687,0.488871685697697
292450,Pindaí,0.667690589220888,0.9969333705046,0.409621802002225,0.806637052521557,0.511070591299818,0.624772786289275,0.464887276496502
292640,Riacho de Santana,0.6745974176701,0.877468646388929,0.535253654342218,0.65825315506685,0.458302308265078,0.48476625138769,0.51680981595092
292680,Rio do Antônio,0.687317358270017,0.822060957910015,0.905448255981551,0.644781144781145,0.583612040133779,0.472722237607311,0.393280088129992
293000,Sebastião Laranjeiras,0.780911062906725,0.665520206362855,0.398806987643801,0.824136562127828,0.377804014167651,0.522452167122218,0.549786904300659
293105,Tanque Novo,0.387149917627677,0.438864628820961,0.461601085481683,0.453302961275626,0.564528301886792,0.48861646234676,0.335324869305452
293260,Urandi,0.653693407466243,0.861558784676354,0.907456372289794,0.868301314459049,0.670534813319879,0.478578629032258,0.609363201610873
29083,Região de Itapetinga,0.560234445446348,0.519671010006479,0.410964083175803,0.411451873247812,0.311198468237965,0.244553367700499,0.254196157735086
290480,Caatiba,0.413376309427881,0.221989966555184,0.221932114882507,0.322566935826604,0.427631578947368,0.298642533936652,0.256985799358681
291090,Firmino Alves,0.488074957410562,0.514792899408284,0.474489795918367,0.421388667198723,0.00954653937947494,0.456780333068993,0.285714285714286
291230,Ibicuí,0.94167371090448,0.81135788585887,0.734015345268542,0.787017167381974,0.516301443078568,0.36290967226219,0.281125564109371
291350,Iguaí,0.583153347732181,0.528176597272075,0.402237613212573,0.447236180904523,0.39171814994156,0.393106893106893,0.396978250041508
291580,Itambé,0.680731090803033,0.671192443919717,0.474435196195006,0.464988644965935,0.312082458484444,0.306004618937644,0.354481955762515
291640,Itapetinga,0.454229705068582,0.455333760111738,0.358978782128687,0.455313879616668,0.332143427992967,0.195473251028807,0.261960784313725
291680,Itarantim,0.48062381852552,0.28219563687544,0.298097251585624,0.362913907284768,0.242211496270294,0.137404580152672,0.00910470409711684
291710,Itororó,0.681553398058252,0.640318759422787,0.439103255011856,0.00183150183150183,0.00853311661926046,0.0103469263542301,0.145288753799392
291970,Macarani,0.520104438642298,0.543624161073825,0.378685980341438,0.471158507028599,0.363309352517986,0.2679971489665,0.310734463276836
292000,Maiquinique,0.373681567051733,0.374814080317303,0.286669851887243,0.225301743406348,0.173740053050398,0.108923884514436,0.129813933362181
292270,Nova Canaã,0.648885350318471,0.674880763116057,0.583264291632146,0.379499217527387,0.340359094457455,0.409657320872274,0.25136186770428
292540,Potiraguá,0.614835948644793,0.536561264822134,0.394422310756972,0.416666666666667,0.438066465256798,0.300935550935551,0.282958199356913
29084,Região de Vitoria da Conquista ,0.535605210263907,0.449242838185934,0.51259889893063,0.43162771809355,0.378362267629436,0.269457880134548,0.456906382196064
290120,Anagé,0.407117316533288,0.456216403676088,0.489622023159275,0.347680033592274,0.230769230769231,0.220492866407263,0.384042086804033
290290,Barra do Choça,0.298662119622246,0.404941482444733,0.43484965304549,0.387220939183988,0.00311082307193778,0.102500327267967,0.610257089848927
290350,Belo Campo,0.874692874692875,1.04344239758042,0.894266567386448,0.905874026893135,0.72867298578199,0.38267491670633,0.878853046594982
290395,Bom Jesus da Serra,0.991020793950851,1.15351711026616,0.988684582743989,0.746630727762803,0.730717185385656,0.407608695652174,0.86978221415608
290515,Caetanos,0.55530253741054,0.670439844760673,0.473402674591382,0.0,0.0,0.00166527893422148,0.0033167495854063
290670,Cândido Sales,0.448492462311558,0.763627745299415,0.658823529411765,0.206125425376762,0.0595218734753619,0.346229187071499,0.379914809960681
290689,Caraíbas,0.393288590604027,0.248520710059172,0.951388888888889,0.315719360568384,0.296212804328224,0.145205479452055,0.127306273062731
290870,Condeúba,0.721385542168675,0.561178247734139,0.827812956648807,0.824480369515012,0.901111625752663,0.325208913649025,0.63268156424581
290900,Cordeiros,1.10130548302872,0.984911550468262,1.1832298136646,0.657894736842105,0.818049490538573,0.53887011105746,0.797979797979798
291040,Encruzilhada,0.420753952168626,0.421422829581994,0.282958199356913,0.516752867101417,0.413434903047091,0.262970859985785,0.445118989800874
291995,Maetinga,0.959773727215588,1.04048582995951,0.942166910688141,1.35777777777778,1.13933121019108,0.223267750213858,1.46253469010176
292145,Mirante,0.714782608695652,0.592790387182911,0.694009216589862,0.763345195729537,0.667421839601269,0.422242731887402,0.617977528089888
292470,Piripá,0.723908918406072,0.69372574385511,0.78921244209133,0.529974489795918,0.743181818181818,0.360634081902246,0.426124916051041
292500,Planalto,0.645040214477212,0.770988310308183,0.828596802841918,0.0015015015015015,0.202118854494289,0.332237923102202,0.609712230215827
292510,Poções,0.533087879081484,0.557997676219985,0.684056603773585,0.628031383737518,0.463058572191561,0.263176606523865,0.422561462678619
292570,Presidente Jânio Quadros,0.465161923454367,0.500994035785288,0.64859228362878,0.325913621262458,0.565771812080537,0.229752626228397,0.456175298804781
292665,Ribeirão do Largo,0.712771890686001,0.527654867256637,0.383624655013799,0.0,0.156938325991189,0.172473867595819,0.21704475781729
293180,Tremedal,0.762645914396887,0.804839558127301,0.572211155378486,0.504759638267492,0.675883625871604,0.25643516270034,0.488993321790749
293330,Vitória da Conquista,0.493795126353791,0.282351190107041,0.381173891865563,0.404150400657489,0.350263449492323,0.271590272329934,0.41562368005691
2909,Sul,0.472094222027835,0.504861472763254,0.430834675716676,0.342026330396947,0.300176574455562,0.282540959643788,0.233021091674184
29091,Região de Ilhéus,0.326025741581269,0.280530168048915,0.273253806911894,0.19081806159078,0.22040940799756,0.293472410876752,0.161941747572816
290225,Arataca,0.329985652797704,0.336852207293666,0.138862102217936,0.293820933165195,0.350632911392405,0.298602287166455,0.198979591836735
290630,Canavieiras,0.257602143335566,0.338683571621257,0.180065181966323,0.0824516129032258,0.251296680497925,0.3921875,0.112142203633512
291360,Ilhéus,0.303069697223853,0.188127663998337,0.252485048463601,0.121220364519032,0.18373832171684,0.253692310990118,0.135660091047041
291490,Itacaré,0.378796902918404,0.502140910860257,0.249569707401033,0.360108303249097,0.20234291799787,0.212375458835868,0.123642007242628
292090,Mascote,0.173658536585366,0.318793046900623,0.458917835671343,0.466374726305912,0.319911921988047,0.30816,0.132196847861049
292805,Santa Luzia,0.468227424749164,0.585090361445783,0.388275599543205,0.328871201157742,0.315674095725247,0.314410480349345,0.0494099338607185
293250,Una,0.498163541465301,0.555665610142631,0.445345771648753,0.492192253092679,0.482009925558313,0.713472485768501,0.656572164948454
293270,Uruçuca,0.441855352824797,0.378229189666593,0.35968028419183,0.237264618434093,0.109785202863962,0.184467957676183,0.239182692307692
29092,Região de Itabuna,0.475944495896273,0.542121784810532,0.435793227526826,0.290469780282461,0.246358464377774,0.22971363115693,0.163655621577362
290090,Almadina,0.495599187542316,0.506896551724138,0.109550561797753,0.00612661674608577,0.19475138121547,0.103013314646111,0.119233498935415
290240,Aurelino Leal,0.503611971104231,0.361306179775281,0.163206871868289,0.354649153128241,0.0506151142355009,0.060021436227224,0.0206746463547334
290330,Barro Preto,0.437294812869337,0.766689143627782,0.53808864265928,0.379461490294302,0.13618925831202,0.0176240208877285,0.00314630309386471
290470,Buerarema,0.154646324549237,0.426290210599398,0.696378830083565,0.393541202672606,0.397727272727273,0.303212851405622,0.229533794334151
290560,Camacan,0.480017189514396,0.570876288659794,0.617747927979423,0.436750272628135,0.464426608624677,0.373574144486692,0.29341641831482
290800,Coaraci,0.711722488038278,0.556827473426002,0.560888702578076,0.515710520981147,0.320008285004143,0.348763474952441,0.170726449665876
291100,Floresta Azul,0.528826213189548,0.416423509795748,0.36239103362391,0.387810559006211,0.233735878457343,0.0750586395621579,0.010596546310832
291150,Gongogi,0.598705501618123,0.782608695652174,0.524957936062815,0.185265438786566,0.429747530186608,0.380022321428571,0.149321266968326
291210,Ibicaraí,0.511968314103668,0.444230769230769,0.355697550585729,0.136618521665251,0.178503869303525,0.10906244564272,0.00686136523574947
291270,Ibirapitanga,0.477471418964358,0.496195165622202,0.373911101183828,0.00505369551484523,0.104599873976055,0.362513089005236,0.401796907647305
291480,Itabuna,0.438177063877475,0.507723411424619,0.407957559681698,0.255762329967454,0.221209651938204,0.202548847384034,0.140936271432819
291540,Itaju do Colônia,0.414932680538556,0.191568505889647,0.303201506591337,0.202146690518784,0.149909692956051,0.182481751824818,0.330882352941176
291550,Itajuípe,0.873387576900179,1.17022124775762,0.747144860749349,0.665711009174312,0.466052934407365,0.26197345643393,0.196067090803933
291620,Itapé,0.633989554037766,0.844059405940594,0.209656925031766,0.615130219098801,0.344885883347422,0.148963730569948,0.00925925925925926
291660,Itapitanga,0.341325196163906,0.440752076956712,0.406290956749672,0.207835051546392,0.127422680412371,0.121137206427689,0.0383031301482702
291855,Jussari,0.559322033898305,0.422100205902539,0.602083333333333,0.626351351351351,0.368600682593857,0.260330578512397,0.0541666666666667
292070,Maraú,0.268845545598313,0.252888655462185,0.227808326787117,0.194730538922156,0.0694345025053686,0.0763195435092725,0.0191806772436656
292390,Pau Brasil,0.598937583001328,0.801619433198381,0.629697525206233,0.746127366609294,0.896341463414634,0.52863436123348,0.491759465478842
292780,Santa Cruz Da Vitória,0.771371769383698,0.774451097804391,0.673720136518771,0.323797139141743,0.289628180039139,0.371803278688525,0.374753451676529
292935,São José Da Vitória,0.54281098546042,0.732244897959184,0.400329489291598,0.0267857142857143,0.0247191011235955,0.192452830188679,0.159695817490494
293220,Ubaitaba,0.38960231980116,0.427493713327745,0.389312977099237,0.252478252073639,0.132911392405063,0.0834019769357496,0.0118306351183064
293230,Ubatã,0.469980745667775,0.647455867082035,0.386169120164327,0.0759493670886076,0.143627450980392,0.501456310679612,0.482039769082745
29093,Região de Jequié,0.489604396743921,0.462876758640418,0.480111708513859,0.351111405571935,0.295895380232231,0.291739325394848,0.280411873408028
290060,Aiquara,0.457425742574257,0.708167330677291,0.676056338028169,0.421203438395415,0.44814462416746,0.530085959885387,0.15
290195,Apuarema,0.705230769230769,1.13933415536375,0.410192666252331,0.0282519128899353,0.302654867256637,0.37810650887574,0.407715133531157
290310,Barra Do Rocha,0.913138686131387,1.07686567164179,0.865648854961832,0.757174392935982,0.807773851590106,0.432258064516129,0.657205240174673
290370,Boa Nova,0.445003142677561,0.477141017385705,0.353876739562624,0.428708439897698,0.454693611473273,0.421594684385382,0.357602438198442
290430,Brejões,0.901613413476748,0.930343511450382,1.17216,0.921884498480243,0.855874519088488,0.795663795663796,0.623434704830054
290950,Cravolândia,0.754700089525515,0.740608228980322,0.578055307760928,0.405405405405405,0.207317073170732,0.0925324675324675,0.14331983805668
291000,Dário Meira,0.626117372716673,0.527876631079478,0.496120865659453,0.400156924284033,0.318051575931232,0.209128630705394,0.354499579478553
291290,Ibirataia,0.904109589041096,0.910244577757268,1.00971103742302,0.622706422018349,0.579545454545455,0.610097179426404,0.564406779661017
291390,Ipiaú,0.630300272975432,0.926073926073926,0.818429167422456,0.412021577189828,0.39785221171056,0.329081632653061,0.328156822810591
291420,Irajuba,0.46259842519685,0.33943754087639,0.431090790333116,0.0368776889981561,0.279802347127857,0.11977886977887,0.241252302025783
291430,Iramaia,0.732079905992949,0.429963459196102,0.443555181128896,0.151789387083505,0.339991315675206,0.26747311827957,0.262672811059908
291510,Itagi,0.575757575757576,0.859483072442665,0.547058823529412,0.73896285914506,0.414915966386555,0.344851904090268,0.458510638297872
291520,Itagibá,0.497638724911452,0.514004767580453,0.596256684491979,0.865155807365439,0.567957050014128,0.491467576791809,0.388841201716738
291570,Itamari,0.571511291256514,0.565873476494486,0.389018691588785,0.415512465373961,0.102949061662198,0.164339419978518,0.394396551724138
291670,Itaquara,0.848203939745075,0.623556581986143,0.753872633390706,0.572432432432432,0.358678552700577,0.476489028213166,0.318087318087318
291690,Itiruçu,0.263493127723768,0.418322667564837,0.185410334346505,0.287684413085311,0.116746411483254,0.191877198592901,0.104539641943734
291760,Jaguaquara,0.323037974683544,0.203052922922083,0.158552850950317,0.205363443895554,0.1883492113072,0.267412066154205,0.165135489847912
291800,Jequié,0.327725264563855,0.193260501615633,0.327776924258719,0.191461586810424,0.166690877396862,0.141369982126467,0.19376295368005
291830,Jitaúna,0.577073807968648,0.775235531628533,0.720833333333333,0.541315345699831,0.223986486486487,0.486823855755895,0.553780617678381
291870,Lafaiete Coutinho,0.364044943820225,0.614253393665158,0.495981630309989,0.186681222707424,0.221498371335505,0.326797385620915,0.198019801980198
291905,Lajedo Do Tabocal,0.536824877250409,0.329706202393906,0.357453754080522,0.0906298003072197,0.305398457583548,0.258329062019477,0.130635245901639
292040,Manoel Vitorino,0.548123980424144,0.591284252228458,0.544904137235116,0.420443587270974,0.320912303244459,0.559948152948801,0.404637491835402
292050,Maracás,0.467909266748725,0.288803627485176,0.437316271831229,0.367909524650998,0.328376925833035,0.39311098961181,0.309827873403665
292490,Planaltino,0.695396145610278,0.67268862911796,0.88179419525066,0.890322580645161,0.528614457831325,0.527916251246261,0.247897080653142
292790,Santa Inês,0.727005459890802,0.672979797979798,0.595951075495571,0.6012,0.310626702997275,0.218457943925234,0.273364485981308
29094,Região de Valença,0.607508375785947,0.773756687743191,0.522421082940579,0.594300466403275,0.496938790005256,0.352557311750498,0.365033432601
290540,Cairu,0.846394984326019,0.865046102263202,0.739714755896873,0.705386775593566,0.722138554216867,0.548690064260999,0.372444011684518
290580,Camamu,0.459183673469388,0.603094999283565,0.410436025732666,0.419836956521739,0.464012251148545,0.202747710241465,0.34278600082999
291120,Gandu,1.05537052456286,1.36889194769443,1.03319672131148,1.29698524695318,1.22548645555132,0.591608929946112,0.4565965583174
291345,Igrapiúna,0.91140729125833,0.882002383790226,0.847852268165395,0.84234752589183,0.713770728190339,0.793316382128587,0.609443631039531
291730,Ituberá,0.494538732986053,0.566633266533066,0.513773647527381,0.491964425027305,0.275675675675676,0.108688977586736,0.167150053426958
292260,Nilo Peçanha,0.644370122630992,0.774871039056743,0.406946983546618,0.535898316729646,0.57566765578635,0.325016414970453,0.48516465601565
292275,Nova Ibiá,0.70924488355681,0.673036093418259,0.413276231263383,0.633401221995927,0.546542553191489,0.354,0.507352941176471
292467,Piraí Do Norte,0.2973939703628,0.262595419847328,0.140744518103009,0.0908653846153846,0.0906762295081967,0.104448742746615,0.362143891839691
293120,Taperoá,0.289906400202378,0.968734367183592,0.494432071269488,0.544696618805002,0.476266182148535,0.292781650550933,0.395229603209987
293160,Teolândia,0.542866492146597,0.920077972709552,0.516173434273916,0.441319107662464,0.479884132603798,0.443378119001919,0.543111676741966
293290,Valença,0.56448115166336,0.703930530164534,0.40496466751223,0.530956529129308,0.347225166405223,0.352184333347349,0.316810614595068
293350,Wenceslau Guimarães,0.520359955005624,0.536005434782609,0.393711551606288,0.316576381365114,0.187334510150044,0.215994683207798,0.348542176719341
Fonte: Sesab/Suvisa/DIS - SIA/SUS,,,,,,,,
"*Dados preliminares, processados em 13 de fevereiro de 2017.",,,,,,,,
