Unnamed: 0,Unnamed: 1,Nº,%,Unnamed: 4,Nº.1,%.1,Unnamed: 7,Nº.2,%.2,Unnamed: 10,Nº.3,%.3,Unnamed: 13,Nº.4,%.4,Unnamed: 16,Nº.5,%.5,Unnamed: 19,Nº.6,%.6
29,Bahia,66941.0,86.9860699620562,,68184.0,86.7006599443053,,70464.0,87.3354651595151,,71665.0,87.5340474649143,,73129.0,86.9465449184382,,74575.0,85.6573476373159,,70630.0,83.132260684314
2901,Centro-Leste,9426.0,83.7048219518693,,9605.0,82.2275490112148,,9808.0,81.7333333333333,,9886.0,80.2630510676301,,9844.0,77.8058804932027,,10297.0,75.8079952882279,,9449.0,76.0054697554698
29011,Região de Feira de Santana,5569.0,89.1896220371557,,5600.0,87.5958079149069,,5633.0,86.7149014778325,,5519.0,84.1952707856598,,5490.0,81.3212857354466,,5752.0,78.1734166893177,,5317.0,77.7225551819909
290110,Amélia Rodrigues,157.0,95.7317073170732,,160.0,95.2380952380952,,148.0,98.0132450331126,,127.0,88.1944444444444,,138.0,90.7894736842105,,148.0,87.0588235294118,,96.0,83.4782608695652
290150,Anguera,50.0,90.9090909090909,,57.0,96.6101694915254,,46.0,80.7017543859649,,62.0,92.5373134328358,,62.0,89.8550724637681,,52.0,88.135593220339,,44.0,78.5714285714286
290170,Antônio Cardoso,62.0,81.5789473684211,,55.0,77.4647887323944,,55.0,78.5714285714286,,55.0,79.7101449275362,,48.0,82.7586206896552,,60.0,84.5070422535211,,46.0,73.015873015873
290260,Baixa Grande,82.0,78.0952380952381,,59.0,59.5959595959596,,86.0,71.6666666666667,,90.0,76.271186440678,,74.0,60.655737704918,,93.0,70.4545454545455,,91.0,66.9117647058823
290640,Candeal,47.0,73.4375,,31.0,62.0,,29.0,64.4444444444444,,41.0,66.1290322580645,,33.0,66.0,,28.0,51.8518518518518,,25.0,58.1395348837209
290685,Capela do Alto Alegre,57.0,91.9354838709677,,54.0,90.0,,55.0,84.6153846153846,,40.0,75.4716981132076,,46.0,83.6363636363636,,42.0,70.0,,48.0,77.4193548387097
290850,Conceição do Jacuípe,159.0,81.9587628865979,,125.0,98.4251968503937,,167.0,92.2651933701657,,139.0,86.875,,165.0,79.3269230769231,,184.0,84.7926267281106,,184.0,85.981308411215
290890,Coração de Maria,102.0,70.3448275862069,,100.0,64.9350649350649,,77.0,57.037037037037,,78.0,55.3191489361702,,79.0,62.6984126984127,,110.0,83.3333333333333,,121.0,87.6811594202899
291080,Feira de Santana,3040.0,95.3276889306993,,3091.0,95.0199815554872,,3081.0,93.2223903177005,,3013.0,89.0629618681644,,3046.0,84.8231690336954,,3000.0,79.3021411578113,,2896.0,78.7384448069603
291125,Gavião,16.0,94.1176470588235,,11.0,64.7058823529412,,20.0,66.6666666666667,,16.0,53.3333333333333,,15.0,53.5714285714286,,17.0,85.0,,10.0,66.6666666666667
291330,Ichu,31.0,100.0,,30.0,81.0810810810811,,26.0,61.9047619047619,,33.0,86.8421052631579,,25.0,86.2068965517241,,23.0,57.5,,23.0,82.1428571428571
291380,Ipecaetá,65.0,84.4155844155844,,63.0,75.9036144578313,,48.0,64.8648648648649,,65.0,73.8636363636364,,64.0,78.0487804878049,,63.0,77.7777777777778,,62.0,75.609756097561
291400,Ipirá,212.0,74.1258741258741,,230.0,58.2278481012658,,283.0,71.2846347607053,,255.0,67.1052631578947,,218.0,58.1333333333333,,242.0,52.4945770065076,,217.0,59.9447513812155
291450,Irará,106.0,64.6341463414634,,121.0,67.9775280898876,,111.0,65.6804733727811,,137.0,83.5365853658537,,134.0,78.8235294117647,,142.0,68.9320388349515,,133.0,67.1717171717172
292210,Mundo Novo,118.0,84.2857142857143,,88.0,61.9718309859155,,104.0,83.8709677419355,,68.0,55.2845528455285,,84.0,59.1549295774648,,85.0,62.962962962963,,88.0,60.6896551724138
292273,Nova Fátima,36.0,80.0,,36.0,94.7368421052632,,44.0,91.6666666666667,,34.0,97.1428571428571,,37.0,86.046511627907,,49.0,90.7407407407407,,32.0,78.0487804878049
292405,Pé de Serra,37.0,67.2727272727273,,41.0,69.4915254237288,,46.0,66.6666666666667,,63.0,81.8181818181818,,49.0,72.0588235294118,,58.0,69.8795180722892,,45.0,83.3333333333333
292465,Pintadas,56.0,91.8032786885246,,50.0,87.719298245614,,52.0,75.3623188405797,,44.0,78.5714285714286,,49.0,80.327868852459,,52.0,78.7878787878788,,37.0,75.5102040816327
292595,Rafael Jambeiro,97.0,83.6206896551724,,113.0,83.7037037037037,,100.0,81.3008130081301,,98.0,79.0322580645161,,94.0,78.9915966386555,,123.0,80.3921568627451,,119.0,83.2167832167832
292630,Riachão do Jacuípe,168.0,80.3827751196172,,170.0,88.0829015544041,,172.0,80.0,,194.0,81.5126050420168,,171.0,86.3636363636364,,203.0,83.8842975206611,,161.0,82.5641025641026
292750,Santa Bárbara,114.0,91.9354838709677,,137.0,94.4827586206897,,118.0,88.7218045112782,,132.0,92.3076923076923,,125.0,88.6524822695035,,151.0,93.2098765432099,,127.0,93.3823529411765
292830,Santanópolis,37.0,50.6849315068493,,56.0,90.3225806451613,,43.0,82.6923076923077,,48.0,87.2727272727273,,42.0,85.7142857142857,,46.0,80.7017543859649,,38.0,66.6666666666667
292880,Santo Estêvão,289.0,92.332268370607,,300.0,92.0245398773006,,273.0,89.2156862745098,,261.0,86.7109634551495,,291.0,89.8148148148148,,300.0,84.985835694051,,307.0,87.4643874643875
292930,São Gonçalo dos Campos,184.0,95.8333333333333,,171.0,90.9574468085106,,184.0,89.7560975609756,,149.0,82.7777777777778,,162.0,81.0,,162.0,80.5970149253731,,150.0,79.3650793650794
293040,Serra Preta,84.0,83.1683168316832,,95.0,81.8965517241379,,104.0,76.4705882352941,,97.0,79.5081967213115,,97.0,82.2033898305085,,117.0,86.0294117647059,,84.0,66.6666666666667
293110,Tanquinho,46.0,82.1428571428571,,39.0,69.6428571428571,,60.0,85.7142857142857,,49.0,85.9649122807018,,31.0,67.3913043478261,,48.0,75.0,,36.0,72.0
293140,Teodoro Sampaio,45.0,84.9056603773585,,41.0,93.1818181818182,,43.0,97.7272727272727,,54.0,83.0769230769231,,41.0,87.2340425531915,,66.0,91.6666666666667,,43.0,87.7551020408163
293170,Terra Nova,72.0,93.5064935064935,,76.0,93.8271604938272,,58.0,95.0819672131148,,77.0,93.9024390243902,,70.0,87.5,,88.0,93.6170212765958,,54.0,81.8181818181818
29012,Região de Itaberaba,1085.0,79.7794117647059,,1071.0,76.7741935483871,,1170.0,80.5785123966942,,1182.0,80.9034907597536,,1173.0,79.9046321525885,,1234.0,80.3908794788274,,1061.0,80.1965230536659
290130,Andaraí,49.0,96.078431372549,,52.0,83.8709677419355,,67.0,89.3333333333333,,51.0,76.1194029850746,,40.0,72.7272727272727,,55.0,75.3424657534247,,48.0,80.0
290380,Boa Vista do Tupim,83.0,96.5116279069768,,63.0,94.0298507462687,,76.0,87.3563218390805,,68.0,80.9523809523809,,76.0,75.2475247524752,,70.0,72.9166666666667,,58.0,82.8571428571429
290405,Bonito,39.0,79.5918367346939,,48.0,67.6056338028169,,53.0,82.8125,,58.0,82.8571428571429,,63.0,79.746835443038,,38.0,62.2950819672131,,38.0,95.0
291190,Iaçu,127.0,95.4887218045113,,132.0,87.4172185430464,,119.0,86.231884057971,,103.0,77.4436090225564,,150.0,85.7142857142857,,175.0,89.7435897435898,,100.0,89.2857142857143
291260,Ibiquera,20.0,90.9090909090909,,21.0,100.0,,19.0,90.4761904761905,,13.0,59.0909090909091,,14.0,60.8695652173913,,13.0,72.2222222222222,,16.0,84.2105263157895
291470,Itaberaba,309.0,75.5501222493887,,262.0,66.6666666666667,,319.0,73.1651376146789,,387.0,90.2097902097902,,367.0,94.8320413436692,,386.0,91.2529550827423,,392.0,90.7407407407407
291500,Itaeté,63.0,77.7777777777778,,51.0,75.0,,52.0,89.6551724137931,,49.0,89.0909090909091,,48.0,71.6417910447761,,49.0,77.7777777777778,,53.0,77.9411764705882
291900,Lajedinho,10.0,62.5,,18.0,81.8181818181818,,14.0,82.3529411764706,,33.0,94.2857142857143,,14.0,70.0,,14.0,70.0,,15.0,75.0
291960,Macajuba,57.0,91.9354838709677,,69.0,89.6103896103896,,53.0,85.4838709677419,,55.0,72.3684210526316,,52.0,65.0,,48.0,70.5882352941177,,48.0,66.6666666666667
292080,Marcionílio Souza,37.0,62.7118644067797,,28.0,65.1162790697674,,46.0,86.7924528301887,,31.0,73.8095238095238,,44.0,83.0188679245283,,48.0,90.5660377358491,,34.0,89.4736842105263
292285,Nova Redenção,27.0,72.972972972973,,34.0,85.0,,22.0,57.8947368421053,,30.0,55.5555555555556,,32.0,74.4186046511628,,34.0,77.2727272727273,,25.0,80.6451612903226
292720,Ruy Barbosa,131.0,63.9024390243902,,153.0,66.8122270742358,,196.0,77.4703557312253,,177.0,77.6315789473684,,165.0,75.0,,194.0,73.7642585551331,,153.0,65.6652360515021
293280,Utinga,99.0,95.1923076923077,,99.0,96.1165048543689,,98.0,92.4528301886792,,81.0,77.1428571428572,,66.0,62.2641509433962,,79.0,69.9115044247788,,54.0,60.6741573033708
293340,Wagner,34.0,73.9130434782609,,41.0,85.4166666666667,,36.0,81.8181818181818,,46.0,75.4098360655738,,42.0,71.1864406779661,,31.0,68.8888888888889,,27.0,69.2307692307692
29013,Região de Seabra,721.0,82.6834862385321,,760.0,82.7886710239652,,659.0,78.8277511961722,,712.0,77.8993435448578,,798.0,71.6337522441652,,771.0,70.9944751381215,,824.0,74.5701357466063
290010,Abaíra,54.0,91.5254237288136,,58.0,80.5555555555556,,57.0,90.4761904761905,,48.0,80.0,,57.0,80.2816901408451,,46.0,92.0,,57.0,96.6101694915254
290400,Boninal,66.0,95.6521739130435,,76.0,93.8271604938272,,57.0,76.0,,40.0,51.9480519480519,,44.0,53.0120481927711,,40.0,45.9770114942529,,38.0,55.8823529411765
291300,Ibitiara,55.0,56.701030927835,,72.0,74.2268041237113,,39.0,47.5609756097561,,76.0,69.7247706422018,,87.0,82.0754716981132,,59.0,59.0,,54.0,57.4468085106383
291440,Iraquara,128.0,92.0863309352518,,107.0,81.0606060606061,,74.0,69.1588785046729,,123.0,93.1818181818182,,126.0,96.9230769230769,,147.0,98.6577181208054,,144.0,97.2972972972973
291930,Lençóis,44.0,84.6153846153846,,45.0,90.0,,45.0,90.0,,48.0,85.7142857142857,,40.0,93.0232558139535,,51.0,96.2264150943396,,43.0,91.4893617021277
292190,Mucugê,54.0,98.1818181818182,,42.0,97.6744186046512,,50.0,98.0392156862745,,47.0,95.9183673469388,,61.0,100.0,,52.0,96.2962962962963,,49.0,96.078431372549
292303,Novo Horizonte,31.0,51.6666666666667,,31.0,55.3571428571429,,31.0,50.8196721311475,,33.0,54.0983606557377,,43.0,71.6666666666667,,51.0,83.6065573770492,,60.0,80.0
292350,Palmeiras,26.0,81.25,,29.0,70.7317073170732,,29.0,85.2941176470588,,31.0,67.3913043478261,,34.0,75.5555555555556,,28.0,47.4576271186441,,25.0,69.4444444444444
292430,Piatã,76.0,81.7204301075269,,77.0,81.0526315789474,,78.0,79.5918367346939,,69.0,77.5280898876404,,80.0,55.1724137931034,,82.0,55.7823129251701,,92.0,63.013698630137
292990,Seabra,121.0,96.8,,165.0,95.3757225433526,,139.0,93.9189189189189,,125.0,79.1139240506329,,144.0,53.5315985130111,,142.0,59.4142259414226,,167.0,61.3970588235294
293080,Souto Soares,66.0,72.5274725274725,,58.0,74.3589743589744,,60.0,89.5522388059701,,72.0,93.5064935064935,,82.0,81.1881188118812,,73.0,83.9080459770115,,95.0,87.1559633027523
29014,Região de Serrinha,2051.0,73.6445242369838,,2174.0,73.0756302521008,,2346.0,72.9477611940299,,2473.0,73.0144670800118,,2383.0,71.798734558602,,2540.0,70.4772475027747,,2247.0,71.0401517546633
290040,Água Fria,43.0,69.3548387096774,,58.0,75.3246753246753,,57.0,61.2903225806452,,52.0,72.2222222222222,,57.0,50.8928571428571,,44.0,55.0,,37.0,67.2727272727273
290210,Araci,152.0,69.7247706422018,,141.0,71.5736040609137,,221.0,81.25,,204.0,79.0697674418605,,183.0,71.2062256809339,,197.0,70.6093189964158,,166.0,65.0980392156863
290327,Barrocas,60.0,98.3606557377049,,45.0,88.2352941176471,,55.0,88.7096774193548,,45.0,80.3571428571429,,44.0,72.1311475409836,,72.0,92.3076923076923,,32.0,78.0487804878049
290360,Biritinga,46.0,62.1621621621622,,69.0,78.4090909090909,,82.0,78.8461538461538,,58.0,67.4418604651163,,59.0,71.9512195121951,,85.0,77.2727272727273,,53.0,79.1044776119403
290680,Cansanção,87.0,89.6907216494845,,122.0,64.2105263157895,,102.0,59.3023255813954,,111.0,56.3451776649746,,116.0,60.4166666666667,,117.0,56.25,,172.0,67.4509803921569
290840,Conceição do Coité,246.0,78.8461538461538,,223.0,73.841059602649,,267.0,76.5042979942693,,308.0,81.9148936170213,,310.0,86.3509749303621,,329.0,90.8839779005525,,336.0,88.6543535620053
291070,Euclides da Cunha,218.0,77.8571428571429,,275.0,88.4244372990354,,263.0,85.1132686084142,,281.0,84.8942598187311,,293.0,83.4757834757835,,228.0,65.7060518731988,,215.0,62.3188405797101
291910,Lamarão,19.0,100.0,,18.0,62.0689655172414,,23.0,54.7619047619048,,27.0,61.3636363636364,,39.0,84.7826086956522,,41.0,87.2340425531915,,33.0,82.5
292150,Monte Santo,168.0,68.5714285714286,,156.0,57.7777777777778,,167.0,63.2575757575758,,225.0,72.8155339805825,,175.0,57.7557755775578,,157.0,49.0625,,137.0,47.9020979020979
292265,Nordestina,51.0,87.9310344827586,,49.0,94.2307692307692,,60.0,86.9565217391304,,55.0,88.7096774193548,,51.0,83.6065573770492,,48.0,82.7586206896552,,29.0,87.8787878787879
292580,Queimadas,83.0,53.5483870967742,,81.0,57.4468085106383,,62.0,43.9716312056738,,65.0,45.4545454545455,,100.0,59.5238095238095,,73.0,57.4803149606299,,61.0,59.8039215686275
292590,Quijingue,72.0,91.1392405063291,,92.0,82.8828828828829,,77.0,68.75,,75.0,51.0204081632653,,93.0,70.4545454545455,,106.0,67.948717948718,,88.0,73.9495798319328
292610,Retirolândia,32.0,68.0851063829787,,50.0,70.4225352112676,,47.0,67.1428571428571,,52.0,72.2222222222222,,45.0,62.5,,49.0,74.2424242424242,,36.0,87.8048780487805
292800,Santaluz,109.0,61.9318181818182,,106.0,58.5635359116022,,110.0,62.8571428571429,,151.0,69.5852534562212,,106.0,64.6341463414634,,164.0,72.2466960352423,,161.0,81.3131313131313
292895,São Domingos,44.0,91.6666666666667,,46.0,92.0,,53.0,96.3636363636364,,44.0,100.0,,45.0,95.7446808510638,,59.0,98.3333333333333,,26.0,89.6551724137931
293050,Serrinha,285.0,65.0684931506849,,299.0,71.3603818615752,,296.0,68.997668997669,,349.0,76.7032967032967,,336.0,74.1721854304636,,386.0,77.5100401606426,,350.0,75.107296137339
293150,Teofilândia,87.0,91.5789473684211,,66.0,68.75,,100.0,93.4579439252336,,108.0,85.7142857142857,,71.0,74.7368421052632,,66.0,57.8947368421053,,41.0,59.4202898550725
293190,Tucano,191.0,86.4253393665158,,206.0,80.46875,,202.0,76.5151515151515,,162.0,60.2230483271376,,164.0,65.863453815261,,205.0,62.691131498471,,159.0,61.1538461538462
293300,Valente,58.0,58.0,,72.0,86.7469879518072,,102.0,80.3149606299213,,101.0,82.1138211382114,,96.0,83.4782608695652,,114.0,81.4285714285714,,115.0,93.4959349593496
2902,Centro-Norte,3217.0,83.9071465832029,,3088.0,80.9861001835825,,3231.0,80.4732254047322,,3533.0,81.4806273062731,,3589.0,79.297392841361,,3749.0,82.3956043956044,,3577.0,82.3055683387022
29021,Região de Irecê,1652.0,92.0847268673356,,1575.0,92.3212192262603,,1660.0,89.6812533765532,,1809.0,87.2648335745297,,1892.0,84.0888888888889,,2039.0,89.2732049036778,,1979.0,88.7046167637831
290115,América Dourada,60.0,95.2380952380952,,44.0,91.6666666666667,,46.0,71.875,,70.0,92.1052631578947,,65.0,95.5882352941177,,76.0,90.4761904761905,,74.0,93.6708860759494
290300,Barra do Mendes,55.0,90.1639344262295,,54.0,87.0967741935484,,52.0,78.7878787878788,,76.0,93.8271604938272,,92.0,97.8723404255319,,93.0,98.936170212766,,77.0,93.9024390243902
290323,Barro Alto,73.0,98.6486486486486,,73.0,98.6486486486486,,92.0,97.8723404255319,,71.0,94.6666666666667,,51.0,87.9310344827586,,78.0,97.5,,86.0,95.5555555555556
290530,Cafarnaum,73.0,90.1234567901235,,78.0,98.7341772151899,,50.0,92.5925925925926,,62.0,62.0,,90.0,90.0,,107.0,100.0,,97.0,94.1747572815534
290620,Canarana,113.0,92.6229508196721,,89.0,92.7083333333333,,106.0,89.8305084745763,,126.0,94.0298507462687,,131.0,93.5714285714286,,154.0,94.478527607362,,112.0,94.1176470588235
290760,Central,80.0,83.3333333333333,,64.0,88.8888888888889,,70.0,79.5454545454545,,81.0,90.0,,91.0,85.8490566037736,,81.0,89.010989010989,,94.0,87.037037037037
291130,Gentio do Ouro,50.0,70.4225352112676,,36.0,81.8181818181818,,35.0,67.3076923076923,,52.0,91.2280701754386,,60.0,78.9473684210526,,39.0,63.9344262295082,,49.0,84.4827586206897
291240,Ibipeba,72.0,94.7368421052632,,62.0,93.9393939393939,,85.0,95.5056179775281,,71.0,94.6666666666667,,80.0,93.0232558139535,,103.0,97.1698113207547,,75.0,78.125
291310,Ibititá,87.0,94.5652173913043,,78.0,83.8709677419355,,70.0,86.4197530864197,,80.0,61.0687022900763,,63.0,57.7981651376147,,68.0,64.7619047619048,,90.0,96.7741935483871
291460,Irecê,227.0,98.695652173913,,256.0,99.2248062015504,,331.0,99.3993993993994,,317.0,99.0625,,340.0,86.2944162436548,,351.0,99.4334277620397,,364.0,97.3262032085562
291535,Itaguaçu da Bahia,38.0,95.0,,28.0,96.551724137931,,39.0,92.8571428571429,,39.0,75.0,,42.0,79.2452830188679,,54.0,85.7142857142857,,38.0,63.3333333333333
291835,João Dourado,104.0,94.5454545454545,,98.0,98.0,,89.0,91.7525773195876,,77.0,95.0617283950617,,86.0,70.4918032786885,,101.0,80.8,,86.0,81.1320754716981
291850,Jussara,49.0,85.9649122807018,,82.0,91.1111111111111,,72.0,92.3076923076923,,82.0,97.6190476190476,,94.0,97.9166666666667,,101.0,98.0582524271845,,81.0,96.4285714285714
291915,Lapão,136.0,90.6666666666667,,114.0,92.6829268292683,,123.0,93.8931297709924,,135.0,95.0704225352113,,124.0,93.2330827067669,,166.0,98.2248520710059,,133.0,93.6619718309859
292205,Mulungu do Morro,60.0,76.9230769230769,,40.0,56.3380281690141,,46.0,60.5263157894737,,55.0,77.4647887323944,,66.0,85.7142857142857,,42.0,85.7142857142857,,60.0,82.1917808219178
292560,Presidente Dutra,54.0,100.0,,61.0,92.4242424242424,,76.0,98.7012987012987,,81.0,96.4285714285714,,79.0,87.7777777777778,,84.0,96.551724137931,,94.0,91.2621359223301
292925,São Gabriel,92.0,92.9292929292929,,86.0,92.4731182795699,,78.0,86.6666666666667,,89.0,90.8163265306122,,75.0,86.2068965517241,,69.0,72.6315789473684,,69.0,71.1340206185567
293240,Uibaí,72.0,93.5064935064935,,75.0,96.1538461538462,,85.0,98.8372093023256,,68.0,98.5507246376812,,81.0,100.0,,88.0,98.876404494382,,104.0,99.0476190476191
293360,Xique-Xique,157.0,96.319018404908,,157.0,95.7317073170732,,115.0,85.1851851851852,,177.0,69.9604743083004,,182.0,65.0,,184.0,70.7692307692308,,196.0,75.6756756756757
29022,Região de Jacobina,1565.0,76.7156862745098,,1513.0,71.8082581869957,,1571.0,72.5970425138632,,1724.0,76.1820592134335,,1697.0,74.5606326889279,,1710.0,75.4633715798764,,1598.0,75.5555555555556
290510,Caém,42.0,65.625,,39.0,57.3529411764706,,32.0,61.5384615384615,,37.0,82.2222222222222,,42.0,63.6363636363636,,34.0,58.6206896551724,,41.0,73.2142857142857
290550,Caldeirão Grande,38.0,58.4615384615385,,40.0,57.9710144927536,,43.0,58.1081081081081,,42.0,65.625,,45.0,68.1818181818182,,55.0,79.7101449275362,,41.0,71.9298245614035
290687,Capim Grosso,124.0,90.5109489051095,,128.0,80.5031446540881,,137.0,81.0650887573965,,118.0,76.6233766233766,,143.0,80.3370786516854,,131.0,76.1627906976744,,123.0,70.2857142857143
291750,Jacobina,369.0,78.0126849894292,,389.0,83.6559139784946,,365.0,72.8542914171657,,438.0,79.3478260869565,,390.0,70.3971119133574,,396.0,73.6059479553903,,381.0,74.559686888454
292010,Mairi,114.0,92.6829268292683,,119.0,88.8059701492537,,117.0,81.25,,118.0,84.8920863309353,,103.0,90.3508771929825,,120.0,82.1917808219178,,92.0,69.1729323308271
292120,Miguel Calmon,134.0,80.2395209580838,,110.0,63.2183908045977,,143.0,71.5,,152.0,76.0,,146.0,81.5642458100559,,142.0,74.7368421052632,,112.0,72.7272727272727
292140,Mirangaba,58.0,85.2941176470588,,50.0,60.2409638554217,,41.0,66.1290322580645,,59.0,67.816091954023,,51.0,61.4457831325301,,51.0,60.7142857142857,,35.0,68.6274509803922
292170,Morro do Chapéu,137.0,67.487684729064,,126.0,65.2849740932643,,166.0,87.8306878306878,,191.0,89.2523364485981,,205.0,89.1304347826087,,203.0,95.3051643192488,,194.0,90.6542056074766
292335,Ourolândia,62.0,91.1764705882353,,62.0,79.4871794871795,,46.0,68.6567164179104,,61.0,64.2105263157895,,45.0,56.25,,43.0,62.3188405797101,,52.0,65.8227848101266
292480,Piritiba,66.0,52.8,,75.0,60.4838709677419,,87.0,67.4418604651163,,71.0,57.258064516129,,87.0,60.4166666666667,,99.0,75.5725190839695,,100.0,68.9655172413793
292593,Quixabeira,39.0,66.1016949152542,,24.0,60.0,,17.0,45.945945945946,,26.0,53.0612244897959,,33.0,70.2127659574468,,29.0,76.3157894736842,,34.0,97.1428571428571
292937,São José do Jacuípe,24.0,55.8139534883721,,35.0,63.6363636363636,,36.0,62.0689655172414,,43.0,76.7857142857143,,34.0,60.7142857142857,,29.0,52.7272727272727,,36.0,69.2307692307692
292980,Saúde,54.0,84.375,,60.0,76.9230769230769,,69.0,87.3417721518987,,71.0,88.75,,82.0,88.1720430107527,,77.0,89.5348837209302,,51.0,91.0714285714286
293060,Serrolândia,58.0,82.8571428571429,,51.0,65.3846153846154,,63.0,77.7777777777778,,57.0,68.6746987951807,,69.0,82.1428571428571,,63.0,75.0,,51.0,69.8630136986301
293130,Tapiramutá,77.0,93.9024390243902,,66.0,95.6521739130435,,63.0,88.7323943661972,,63.0,81.8181818181818,,63.0,87.5,,68.0,90.6666666666667,,82.0,91.1111111111111
293245,Umburanas,35.0,66.0377358490566,,22.0,45.8333333333333,,28.0,63.6363636363636,,33.0,70.2127659574468,,39.0,84.7826086956522,,24.0,55.8139534883721,,42.0,73.6842105263158
293305,Várzea da Roça,57.0,90.4761904761905,,50.0,70.4225352112676,,54.0,69.2307692307692,,58.0,77.3333333333333,,60.0,77.9220779220779,,58.0,61.0526315789474,,45.0,68.1818181818182
293310,Várzea do Poço,41.0,68.3333333333333,,25.0,45.4545454545455,,30.0,51.7241379310345,,32.0,58.1818181818182,,29.0,50.0,,36.0,61.0169491525424,,30.0,68.1818181818182
293315,Várzea Nova,36.0,67.9245283018868,,42.0,63.6363636363636,,34.0,47.887323943662,,54.0,80.5970149253731,,31.0,63.265306122449,,52.0,85.2459016393443,,56.0,83.5820895522388
2903,Extremo Sul,3715.0,90.3233649404328,,3850.0,90.5243357629908,,3985.0,90.7538146208153,,3971.0,90.1680290644868,,4114.0,91.5035587188612,,4116.0,89.4393741851369,,4245.0,88.8075313807531
29031,Região de Porto Seguro,1703.0,95.0334821428571,,1738.0,95.5470038482683,,1800.0,94.5378151260504,,1832.0,95.5161626694473,,1981.0,96.2117532782904,,1951.0,95.5903968642822,,2009.0,92.7944572748268
290340,Belmonte,135.0,95.7446808510638,,128.0,96.969696969697,,138.0,95.8333333333333,,131.0,99.2424242424242,,146.0,95.4248366013072,,156.0,96.2962962962963,,118.0,90.0763358778626
291072,Eunápolis,594.0,93.9873417721519,,628.0,97.2136222910217,,634.0,96.3525835866261,,591.0,97.6859504132231,,612.0,99.1896272285251,,638.0,97.4045801526718,,701.0,97.768479776848
291180,Guaratinga,88.0,92.6315789473684,,83.0,93.2584269662921,,79.0,89.7727272727273,,87.0,97.752808988764,,85.0,100.0,,76.0,95.0,,73.0,97.3333333333333
291465,Itabela,139.0,94.5578231292517,,140.0,95.2380952380952,,149.0,87.6470588235294,,199.0,93.8679245283019,,214.0,98.1651376146789,,185.0,96.3541666666667,,198.0,98.019801980198
291530,Itagimirim,37.0,84.0909090909091,,34.0,65.3846153846154,,27.0,75.0,,33.0,58.9285714285714,,32.0,62.7450980392157,,42.0,75.0,,40.0,70.1754385964912
291630,Itapebi,43.0,89.5833333333333,,76.0,96.2025316455696,,43.0,89.5833333333333,,62.0,95.3846153846154,,48.0,94.1176470588235,,60.0,86.9565217391304,,73.0,86.9047619047619
292530,Porto Seguro,558.0,97.723292469352,,535.0,96.5703971119134,,607.0,96.3492063492064,,596.0,96.2843295638126,,697.0,95.3488372093023,,645.0,96.1251862891207,,709.0,89.6333754740834
292770,Santa Cruz Cabrália,109.0,95.6140350877193,,114.0,95.0,,123.0,94.6153846153846,,133.0,95.0,,147.0,96.078431372549,,149.0,95.5128205128205,,97.0,89.8148148148148
29032,Região de Teixeira de Freitas,2012.0,86.6867729426971,,2112.0,86.7707477403451,,2185.0,87.8568556493768,,2139.0,86.0418342719228,,2133.0,87.5256462864177,,2165.0,84.5372901210465,,2236.0,85.5066921606118
290080,Alcobaça,77.0,71.2962962962963,,100.0,77.5193798449613,,93.0,76.8595041322314,,102.0,83.6065573770492,,111.0,84.7328244274809,,90.0,81.8181818181818,,120.0,90.9090909090909
290690,Caravelas,100.0,99.009900990099,,110.0,94.8275862068966,,88.0,93.6170212765958,,80.0,86.9565217391304,,90.0,90.0,,101.0,90.990990990991,,76.0,76.7676767676768
291280,Ibirapuã,35.0,94.5945945945946,,54.0,96.4285714285714,,43.0,82.6923076923077,,39.0,86.6666666666667,,40.0,88.8888888888889,,61.0,92.4242424242424,,54.0,91.5254237288136
291560,Itamaraju,336.0,85.9335038363171,,342.0,82.6086956521739,,358.0,87.1046228710462,,317.0,81.2820512820513,,318.0,83.6842105263158,,353.0,84.0476190476191,,343.0,87.5
291600,Itanhém,118.0,90.7692307692308,,134.0,89.9328859060403,,110.0,83.969465648855,,120.0,85.7142857142857,,111.0,95.6896551724138,,114.0,87.0229007633588,,124.0,90.5109489051095
291845,Jucuruçu,25.0,55.5555555555556,,15.0,48.3870967741936,,25.0,54.3478260869565,,37.0,67.2727272727273,,29.0,67.4418604651163,,25.0,59.5238095238095,,31.0,62.0
291890,Lajedão,21.0,84.0,,33.0,97.0588235294118,,24.0,96.0,,19.0,82.6086956521739,,13.0,92.8571428571429,,31.0,96.875,,25.0,89.2857142857143
292110,Medeiros Neto,138.0,95.8333333333333,,124.0,95.3846153846154,,166.0,98.2248520710059,,162.0,98.1818181818182,,141.0,96.5753424657534,,148.0,91.9254658385093,,197.0,97.0443349753695
292200,Mucuri,168.0,93.3333333333333,,152.0,94.4099378881988,,179.0,92.7461139896373,,150.0,90.9090909090909,,139.0,91.4473684210526,,182.0,93.3333333333333,,157.0,88.2022471910112
292300,Nova Viçosa,177.0,92.1875,,172.0,91.9786096256685,,196.0,90.3225806451613,,206.0,91.1504424778761,,172.0,85.5721393034826,,183.0,82.4324324324324,,202.0,85.2320675105485
292550,Prado,104.0,77.037037037037,,91.0,82.7272727272727,,108.0,90.0,,96.0,73.2824427480916,,111.0,76.027397260274,,114.0,77.5510204081633,,104.0,74.8201438848921
293135,Teixeira de Freitas,679.0,86.1675126903553,,759.0,86.5450399087799,,779.0,87.9232505643341,,791.0,87.5,,841.0,89.1834570519618,,727.0,82.707622298066,,778.0,83.4763948497854
293325,Vereda,34.0,75.5555555555556,,26.0,65.0,,16.0,72.7272727272727,,20.0,71.4285714285714,,17.0,85.0,,36.0,80.0,,25.0,86.2068965517241
2904,Leste,24101.0,96.0275719180811,,24086.0,95.2542909119671,,24343.0,94.8268474153714,,24240.0,95.1932139491046,,25421.0,96.0333950360772,,25759.0,94.7684044001324,,23493.0,90.0425434057721
29041,Região de Camaçari,2504.0,95.3178530643319,,2533.0,95.0825825825826,,2685.0,95.6196581196581,,2623.0,95.036231884058,,2947.0,96.5280052407468,,2872.0,95.6695536309127,,2672.0,88.6529528865295
290570,Camaçari,1051.0,96.5992647058823,,1064.0,96.289592760181,,1118.0,96.5457685664939,,1133.0,95.1301427371956,,1278.0,97.7811782708493,,1266.0,96.127562642369,,1248.0,90.2386117136659
290860,Conde,95.0,81.1965811965812,,110.0,84.6153846153846,,92.0,83.6363636363636,,106.0,84.1269841269841,,116.0,90.625,,104.0,89.6551724137931,,76.0,76.7676767676768
291005,Dias d'Ávila,317.0,95.7703927492447,,298.0,94.9044585987261,,342.0,95.7983193277311,,332.0,97.6470588235294,,360.0,94.9868073878628,,352.0,96.969696969697,,324.0,89.2561983471074
292100,Mata de São João,220.0,91.6666666666667,,256.0,95.1672862453532,,242.0,93.7984496124031,,222.0,95.6896551724138,,258.0,94.8529411764706,,230.0,95.0413223140496,,250.0,90.9090909090909
292520,Pojuca,163.0,95.3216374269006,,180.0,95.2380952380952,,179.0,98.3516483516484,,169.0,98.2558139534884,,209.0,92.4778761061947,,202.0,94.8356807511737,,164.0,82.0
293070,Simões Filho,658.0,96.7647058823529,,625.0,95.1293759512938,,712.0,95.8277254374159,,661.0,94.5636623748212,,726.0,97.9757085020243,,718.0,95.6058588548602,,610.0,87.8962536023055
29042,Região de Cruz das Almas,1337.0,89.8521505376344,,1310.0,88.2749326145553,,1385.0,90.4046997389034,,1495.0,94.3813131313131,,1507.0,93.6606587942822,,1536.0,92.8657799274486,,1438.0,87.8973105134474
290485,Cabaceiras do Paraguaçu,85.0,95.5056179775281,,90.0,89.1089108910891,,92.0,93.8775510204082,,95.0,96.9387755102041,,93.0,95.8762886597938,,102.0,94.4444444444444,,71.0,88.75
290490,Cachoeira,201.0,94.811320754717,,171.0,95.0,,202.0,94.8356807511737,,193.0,96.9849246231156,,191.0,92.2705314009662,,226.0,92.2448979591837,,217.0,95.5947136563877
290820,Conceição da Feira,84.0,89.3617021276596,,107.0,92.2413793103448,,112.0,94.9152542372881,,106.0,90.5982905982906,,112.0,91.0569105691057,,103.0,85.1239669421488,,111.0,79.8561151079137
290980,Cruz das Almas,296.0,89.4259818731118,,313.0,88.9204545454545,,327.0,97.0326409495549,,380.0,95.7178841309824,,353.0,93.8829787234042,,351.0,91.40625,,334.0,83.2917705735661
291160,Governador Mangabeira,86.0,84.3137254901961,,88.0,81.4814814814815,,111.0,89.5161290322581,,114.0,91.9354838709677,,126.0,91.970802919708,,138.0,93.8775510204082,,102.0,85.7142857142857
292060,Maragogipe,234.0,79.3220338983051,,192.0,75.5905511811024,,207.0,71.6262975778547,,245.0,93.5114503816794,,261.0,94.9090909090909,,248.0,95.0191570881226,,243.0,89.6678966789668
292230,Muritiba,172.0,97.1751412429379,,180.0,96.2566844919786,,171.0,96.0674157303371,,163.0,97.0238095238095,,166.0,95.4022988505747,,186.0,97.8947368421053,,184.0,92.0
292900,São Félix,65.0,95.5882352941177,,71.0,89.873417721519,,59.0,95.1612903225807,,92.0,96.8421052631579,,85.0,91.3978494623656,,80.0,89.8876404494382,,50.0,80.6451612903226
292960,Sapeaçu,114.0,95.0,,98.0,91.588785046729,,104.0,92.0353982300885,,107.0,86.2903225806452,,120.0,94.488188976378,,102.0,93.5779816513761,,126.0,91.970802919708
29043,Região de Salvador,17794.0,97.2456006120888,,17807.0,96.7140995003259,,17777.0,95.832884097035,,17738.0,96.3969349491875,,18478.0,96.8753276711754,,18812.0,95.8866405015546,,16850.0,90.7084409991387
290650,Candeias,435.0,97.0982142857143,,435.0,96.4523281596452,,445.0,95.6989247311828,,450.0,97.1922246220302,,423.0,93.1718061674009,,466.0,94.331983805668,,448.0,91.4285714285714
291610,Itaparica,124.0,96.1240310077519,,121.0,94.53125,,143.0,97.2789115646258,,117.0,96.6942148760331,,129.0,92.8057553956834,,116.0,87.8787878787879,,125.0,85.0340136054422
291920,Lauro de Freitas,876.0,95.4248366013072,,1027.0,96.6133584195673,,971.0,95.3831041257367,,986.0,94.5349952061361,,1180.0,96.2479608482871,,1130.0,96.3341858482523,,1068.0,92.2279792746114
291992,Madre de Deus,96.0,100.0,,88.0,97.7777777777778,,97.0,94.1747572815534,,89.0,95.6989247311828,,94.0,98.9473684210526,,104.0,95.4128440366973,,98.0,92.4528301886792
292740,Salvador,15275.0,97.6038338658147,,15127.0,96.9430915149962,,15098.0,96.0493670080794,,15110.0,96.7597336065574,,15601.0,97.1903812609021,,15860.0,96.3196890562371,,14129.0,90.6984208499165
292860,Santo Amaro,381.0,92.4757281553398,,315.0,91.304347826087,,335.0,91.5300546448087,,298.0,92.8348909657321,,366.0,92.8934010152284,,355.0,90.3307888040712,,289.0,86.5269461077844
292920,São Francisco do Conde,157.0,97.5155279503106,,176.0,95.1351351351351,,171.0,96.6101694915254,,180.0,94.2408376963351,,170.0,98.2658959537572,,196.0,94.6859903381642,,179.0,93.717277486911
292950,São Sebastião do Passé,207.0,93.2432432432432,,220.0,95.2380952380952,,203.0,93.9814814814815,,220.0,94.4206008583691,,222.0,97.3684210526316,,259.0,95.5719557195572,,223.0,93.3054393305439
292975,Saubara,46.0,100.0,,67.0,93.0555555555556,,71.0,88.75,,73.0,90.1234567901235,,60.0,95.2380952380952,,57.0,70.3703703703704,,40.0,86.9565217391304
293320,Vera Cruz,197.0,91.2037037037037,,231.0,95.0617283950617,,243.0,93.8223938223938,,215.0,89.9581589958159,,233.0,93.2,,269.0,91.8088737201365,,251.0,87.4564459930314
29044,Região de Santo Antônio de Jesus,2466.0,91.8435754189944,,2436.0,89.3617021276596,,2496.0,89.7518878101402,,2384.0,87.679293858036,,2489.0,91.0054844606947,,2539.0,87.3709566414315,,2533.0,88.4118673647469
290100,Amargosa,198.0,91.6666666666667,,247.0,93.2075471698113,,227.0,90.8,,222.0,92.5,,247.0,96.8627450980392,,232.0,89.922480620155,,251.0,87.4564459930314
290230,Aratuípe,34.0,94.4444444444444,,36.0,92.3076923076923,,36.0,94.7368421052632,,50.0,94.3396226415094,,48.0,97.9591836734694,,53.0,94.6428571428571,,41.0,91.1111111111111
290730,Castro Alves,119.0,68.0,,112.0,64.7398843930636,,124.0,73.8095238095238,,125.0,67.9347826086957,,138.0,82.1428571428571,,129.0,67.8947368421053,,127.0,73.8372093023256
290830,Conceição do Almeida,116.0,93.5483870967742,,96.0,94.1176470588235,,126.0,90.0,,104.0,83.8709677419355,,81.0,81.8181818181818,,97.0,90.6542056074766,,121.0,94.53125
291020,Dom Macedo Costa,31.0,93.9393939393939,,22.0,84.6153846153846,,37.0,80.4347826086957,,26.0,96.2962962962963,,29.0,100.0,,29.0,93.5483870967742,,27.0,90.0
291030,Elísio Medrado,57.0,96.6101694915254,,49.0,84.4827586206897,,65.0,92.8571428571429,,56.0,93.3333333333333,,59.0,93.6507936507936,,62.0,91.1764705882353,,54.0,94.7368421052632
291685,Itatim,76.0,91.566265060241,,64.0,85.3333333333333,,46.0,85.1851851851852,,80.0,89.8876404494382,,76.0,97.4358974358974,,104.0,96.2962962962963,,84.0,95.4545454545455
291780,Jaguaripe,58.0,90.625,,69.0,92.0,,66.0,91.6666666666667,,72.0,92.3076923076923,,67.0,90.5405405405405,,71.0,83.5294117647059,,77.0,87.5
291820,Jiquiriçá,41.0,71.9298245614035,,41.0,64.0625,,56.0,68.2926829268293,,45.0,58.4415584415584,,67.0,83.75,,82.0,93.1818181818182,,64.0,90.1408450704225
291880,Laje,117.0,92.8571428571429,,123.0,94.6153846153846,,116.0,89.922480620155,,102.0,95.3271028037383,,118.0,89.3939393939394,,127.0,92.7007299270073,,109.0,86.5079365079365
292130,Milagres,65.0,98.4848484848485,,68.0,91.8918918918919,,68.0,91.8918918918919,,68.0,97.1428571428571,,55.0,100.0,,80.0,91.9540229885057,,79.0,94.0476190476191
292220,Muniz Ferreira,34.0,91.8918918918919,,40.0,90.9090909090909,,45.0,95.7446808510638,,44.0,95.6521739130435,,45.0,100.0,,42.0,91.304347826087,,32.0,94.1176470588235
292240,Mutuípe,153.0,98.0769230769231,,121.0,96.031746031746,,131.0,96.3235294117647,,129.0,96.2686567164179,,126.0,90.0,,123.0,92.4812030075188,,113.0,87.5968992248062
292250,Nazaré,191.0,95.0248756218905,,177.0,93.6507936507936,,167.0,95.4285714285714,,183.0,95.3125,,149.0,93.125,,186.0,93.4673366834171,,181.0,94.2708333333333
292280,Nova Itarana,34.0,85.0,,36.0,81.8181818181818,,32.0,69.5652173913043,,25.0,67.5675675675676,,52.0,91.2280701754386,,34.0,87.1794871794872,,50.0,87.719298245614
292575,Presidente Tancredo Neves,88.0,86.2745098039216,,97.0,74.6153846153846,,94.0,76.4227642276423,,96.0,76.1904761904762,,86.0,74.1379310344828,,101.0,68.7074829931973,,98.0,67.1232876712329
292730,Salinas da Margarida,60.0,96.7741935483871,,67.0,97.1014492753623,,66.0,94.2857142857143,,57.0,89.0625,,66.0,90.4109589041096,,96.0,97.9591836734694,,65.0,87.8378378378378
292850,Santa Teresinha,72.0,94.7368421052632,,63.0,91.304347826087,,49.0,92.4528301886792,,77.0,100.0,,70.0,94.5945945945946,,69.0,93.2432432432432,,66.0,88.0
292870,Santo Antônio de Jesus,135.0,95.7446808510638,,125.0,91.9117647058823,,128.0,90.7801418439716,,116.0,80.5555555555556,,154.0,89.0173410404624,,124.0,95.3846153846154,,123.0,95.3488372093023
292910,São Felipe,58.0,93.5483870967742,,67.0,94.3661971830986,,72.0,93.5064935064935,,53.0,88.3333333333333,,46.0,92.0,,67.0,98.5294117647059,,56.0,93.3333333333333
292940,São Miguel das Matas,122.0,89.051094890511,,114.0,83.2116788321168,,110.0,88.7096774193548,,76.0,77.5510204081633,,105.0,88.2352941176471,,104.0,90.4347826086957,,115.0,89.84375
293210,Ubaíra,52.0,92.8571428571429,,56.0,83.5820895522388,,42.0,85.7142857142857,,59.0,76.6233766233766,,54.0,88.5245901639344,,52.0,83.8709677419355,,59.0,89.3939393939394
293317,Varzedo,555.0,96.3541666666667,,546.0,96.9804618117229,,593.0,96.1102106969206,,519.0,93.5135135135135,,551.0,94.1880341880342,,475.0,81.8965517241379,,541.0,90.3171953255426
2905,Nordeste,3580.0,83.4109972041007,,3634.0,83.0249029015307,,3763.0,82.5219298245614,,4102.0,85.1921079958463,,3980.0,82.7270837663687,,4134.0,82.2686567164179,,4057.0,80.3843867644145
29051,Região de Alagoinhas,2470.0,85.4080221300138,,2510.0,87.1225269003818,,2535.0,86.637047163363,,2656.0,86.7123734900424,,2704.0,87.9349593495935,,2776.0,86.2379621000311,,2808.0,84.3496545509162
290030,Acajutiba,107.0,97.2727272727273,,93.0,93.0,,89.0,88.1188118811881,,90.0,85.7142857142857,,91.0,88.3495145631068,,88.0,72.1311475409836,,73.0,68.8679245283019
290070,Alagoinhas,835.0,91.8591859185919,,919.0,92.3618090452261,,869.0,90.1452282157676,,954.0,91.64265129683,,911.0,94.2088934850052,,917.0,91.7917917917918,,928.0,88.7189292543021
290190,Aporá,74.0,69.811320754717,,57.0,67.0588235294118,,92.0,92.9292929292929,,91.0,83.4862385321101,,88.0,82.2429906542056,,92.0,85.1851851851852,,86.0,87.7551020408163
290205,Araças,52.0,98.1132075471698,,60.0,84.5070422535211,,45.0,97.8260869565217,,53.0,81.5384615384615,,48.0,88.8888888888889,,56.0,86.1538461538462,,55.0,83.3333333333333
290220,Aramari,50.0,86.2068965517241,,37.0,86.046511627907,,47.0,92.156862745098,,44.0,89.7959183673469,,45.0,91.8367346938776,,41.0,85.4166666666667,,52.0,85.2459016393443
290700,Cardeal da Silva,47.0,85.4545454545455,,47.0,90.3846153846154,,37.0,100.0,,39.0,100.0,,50.0,98.0392156862745,,35.0,81.3953488372093,,43.0,91.4893617021277
290750,Catu,267.0,92.0689655172414,,279.0,94.5762711864407,,280.0,98.9399293286219,,263.0,97.0479704797048,,288.0,94.1176470588235,,302.0,90.6906906906907,,305.0,88.6627906976744
290960,Crisópolis,85.0,68.0,,64.0,54.2372881355932,,71.0,60.6837606837607,,69.0,57.9831932773109,,63.0,59.4339622641509,,86.0,76.1061946902655,,85.0,64.3939393939394
291050,Entre Rios,166.0,86.4583333333333,,202.0,94.8356807511737,,206.0,87.6595744680851,,204.0,85.3556485355649,,206.0,90.3508771929825,,197.0,85.2813852813853,,200.0,76.9230769230769
291060,Esplanada,176.0,93.1216931216931,,170.0,94.4444444444444,,165.0,91.1602209944751,,169.0,97.1264367816092,,173.0,89.6373056994819,,174.0,89.6907216494845,,183.0,88.4057971014493
291370,Inhambupe,147.0,72.7722772277228,,139.0,79.8850574712644,,170.0,80.188679245283,,184.0,82.1428571428571,,198.0,80.4878048780488,,161.0,70.0,,156.0,74.6411483253589
291590,Itanagra,23.0,100.0,,33.0,97.0588235294118,,23.0,92.0,,30.0,85.7142857142857,,38.0,95.0,,31.0,93.9393939393939,,25.0,78.125
291650,Itapicuru,87.0,58.7837837837838,,78.0,53.0612244897959,,90.0,57.6923076923077,,84.0,54.9019607843137,,109.0,71.7105263157895,,139.0,86.3354037267081,,157.0,89.7142857142857
291790,Jandaíra,37.0,84.0909090909091,,33.0,94.2857142857143,,32.0,88.8888888888889,,46.0,97.8723404255319,,36.0,85.7142857142857,,54.0,90.0,,55.0,90.1639344262295
292330,Ouriçangas,27.0,45.7627118644068,,32.0,59.2592592592593,,21.0,44.6808510638298,,40.0,85.1063829787234,,28.0,52.8301886792453,,50.0,72.463768115942,,44.0,72.1311475409836
292410,Pedrão,31.0,91.1764705882353,,44.0,93.6170212765958,,32.0,80.0,,41.0,80.3921568627451,,42.0,93.3333333333333,,45.0,93.75,,40.0,75.4716981132076
292700,Rio Real,173.0,89.1752577319588,,155.0,93.9393939393939,,197.0,94.2583732057416,,196.0,92.8909952606635,,207.0,93.2432432432432,,229.0,87.7394636015326,,217.0,85.7707509881423
292970,Sátiro Dias,86.0,85.1485148514851,,68.0,93.1506849315068,,69.0,79.3103448275862,,59.0,70.2380952380952,,83.0,74.7747747747748,,79.0,78.2178217821782,,104.0,88.135593220339
29052,Região de Ribeira do Pombal,1110.0,79.2857142857143,,1124.0,75.1336898395722,,1228.0,75.1529987760098,,1446.0,82.5342465753425,,1276.0,73.5023041474654,,1358.0,75.1937984496124,,1249.0,72.7008149010477
290035,Adustina,35.0,92.1052631578947,,40.0,97.5609756097561,,54.0,70.1298701298701,,82.0,96.4705882352941,,59.0,88.0597014925373,,53.0,64.6341463414634,,48.0,52.1739130434783
290160,Antas,56.0,86.1538461538462,,49.0,62.0253164556962,,59.0,75.6410256410256,,72.0,88.8888888888889,,66.0,83.5443037974684,,65.0,87.8378378378378,,68.0,78.1609195402299
290265,Banzaê,36.0,76.5957446808511,,35.0,71.4285714285714,,38.0,70.3703703703704,,60.0,82.1917808219178,,40.0,66.6666666666667,,28.0,46.6666666666667,,35.0,64.8148148148148
290780,Cícero Dantas,122.0,75.7763975155279,,130.0,73.0337078651685,,156.0,91.2280701754386,,212.0,92.5764192139738,,154.0,70.9677419354839,,153.0,75.3694581280788,,155.0,69.1964285714286
290790,Cipó,74.0,74.0,,65.0,69.8924731182796,,72.0,79.1208791208791,,94.0,77.6859504132231,,73.0,69.5238095238095,,60.0,64.5161290322581,,61.0,64.8936170212766
290920,Coronel João Sá,73.0,93.5897435897436,,70.0,86.4197530864197,,63.0,92.6470588235294,,69.0,86.25,,55.0,73.3333333333333,,76.0,87.3563218390805,,78.0,84.7826086956522
291075,Fátima,76.0,91.566265060241,,76.0,89.4117647058824,,105.0,88.9830508474576,,88.0,89.7959183673469,,87.0,83.6538461538462,,89.0,89.0,,88.0,75.8620689655172
291185,Heliópolis,23.0,37.0967741935484,,27.0,42.1875,,38.0,47.5,,60.0,75.9493670886076,,29.0,49.1525423728814,,71.0,83.5294117647059,,61.0,91.044776119403
292290,Nova Soure,89.0,68.4615384615385,,99.0,64.7058823529412,,84.0,60.0,,84.0,62.2222222222222,,87.0,50.5813953488372,,91.0,50.2762430939227,,95.0,54.2857142857143
292305,Novo Triunfo,30.0,81.0810810810811,,18.0,52.9411764705882,,20.0,46.5116279069767,,26.0,70.2702702702703,,33.0,84.6153846153846,,42.0,85.7142857142857,,35.0,79.5454545454545
292310,Olindina,80.0,89.8876404494382,,84.0,93.3333333333333,,102.0,89.4736842105263,,119.0,88.1481481481482,,122.0,77.2151898734177,,132.0,75.0,,71.0,75.531914893617
292380,Paripiranga,148.0,90.7975460122699,,152.0,76.0,,139.0,81.2865497076023,,166.0,90.2173913043478,,162.0,93.6416184971098,,125.0,77.1604938271605,,105.0,66.4556962025316
292650,Ribeira do Amparo,34.0,65.3846153846154,,25.0,86.2068965517241,,49.0,80.327868852459,,50.0,86.2068965517241,,39.0,63.9344262295082,,64.0,83.1168831168831,,60.0,93.75
292660,Ribeira do Pombal,201.0,80.0796812749004,,214.0,80.7547169811321,,210.0,66.4556962025316,,222.0,77.0833333333333,,237.0,75.4777070063694,,252.0,79.2452830188679,,220.0,77.4647887323944
293076,Sítio do Quinto,33.0,75.0,,40.0,72.7272727272727,,39.0,75.0,,42.0,60.8695652173913,,33.0,62.2641509433962,,57.0,96.6101694915254,,69.0,94.5205479452055
2906,Norte,3703.0,78.5865874363328,,4143.0,80.9495896834701,,4395.0,82.0728291316527,,4799.0,84.6981997882104,,4711.0,83.8405410215341,,4933.0,81.7398508699254,,4767.0,77.7017114914425
29061,Região de Juazeiro,1593.0,72.640218878249,,1843.0,75.5327868852459,,2087.0,80.7975222609369,,2260.0,84.4544095665172,,2294.0,85.9176029962547,,2317.0,84.6547314578005,,2225.0,79.5779685264664
290590,Campo Alegre de Lourdes,80.0,84.2105263157895,,111.0,88.0952380952381,,126.0,91.304347826087,,118.0,95.1612903225807,,96.0,84.9557522123894,,119.0,96.7479674796748,,98.0,85.9649122807018
290682,Canudos,40.0,56.3380281690141,,41.0,52.5641025641026,,45.0,68.1818181818182,,56.0,72.7272727272727,,43.0,78.1818181818182,,53.0,65.4320987654321,,52.0,57.7777777777778
290720,Casa Nova,205.0,61.1940298507463,,193.0,63.2786885245902,,265.0,77.9411764705882,,267.0,87.2549019607843,,304.0,91.0179640718563,,345.0,91.7553191489362,,311.0,85.4395604395604
290990,Curaçá,102.0,73.9130434782609,,122.0,82.4324324324324,,133.0,82.0987654320988,,151.0,88.8235294117647,,173.0,95.0549450549451,,147.0,94.2307692307692,,151.0,90.9638554216867
291840,Juazeiro,717.0,76.8488745980707,,858.0,77.4368231046931,,975.0,84.051724137931,,1060.0,85.82995951417,,1084.0,87.6313662085691,,1109.0,87.3916469661151,,1070.0,82.3710546574288
292440,Pilão Arcado,81.0,61.3636363636364,,100.0,70.4225352112676,,104.0,78.7878787878788,,119.0,90.8396946564885,,108.0,89.2561983471074,,107.0,75.3521126760563,,79.0,67.5213675213675
292600,Remanso,141.0,77.9005524861878,,157.0,81.3471502590674,,173.0,90.5759162303665,,174.0,87.8787878787879,,192.0,84.9557522123894,,177.0,85.0961538461538,,172.0,82.6923076923077
293020,Sento Sé,62.0,69.6629213483146,,72.0,66.6666666666667,,83.0,70.9401709401709,,94.0,69.1176470588235,,75.0,62.5,,95.0,66.4335664335664,,96.0,70.5882352941177
293077,Sobradinho,103.0,90.3508771929825,,112.0,83.5820895522388,,101.0,75.3731343283582,,132.0,91.6666666666667,,111.0,88.8,,88.0,68.75,,109.0,66.8711656441718
293200,Uauá,62.0,59.0476190476191,,77.0,78.5714285714286,,82.0,57.3426573426573,,89.0,57.4193548387097,,108.0,68.7898089171974,,77.0,69.3693693693694,,87.0,62.589928057554
29062,Região de Paulo Afonso,995.0,92.6443202979516,,1132.0,94.2547876769359,,1211.0,97.6612903225806,,1284.0,96.9056603773585,,1265.0,95.1843491346877,,1343.0,95.0460014154282,,1458.0,95.2941176470588
290020,Abaré,70.0,95.8904109589041,,82.0,94.2528735632184,,84.0,100.0,,70.0,98.5915492957747,,67.0,95.7142857142857,,96.0,96.0,,97.0,96.039603960396
290770,Chorrochó,46.0,97.8723404255319,,52.0,92.8571428571429,,39.0,95.1219512195122,,51.0,94.4444444444444,,57.0,95.0,,64.0,95.5223880597015,,57.0,96.6101694915254
291140,Glória,68.0,93.1506849315068,,77.0,96.25,,75.0,97.4025974025974,,71.0,94.6666666666667,,78.0,97.5,,88.0,98.876404494382,,100.0,99.009900990099
291810,Jeremoabo,135.0,92.4657534246575,,183.0,92.8934010152284,,166.0,97.6470588235294,,198.0,95.6521739130435,,191.0,96.9543147208122,,201.0,94.3661971830986,,226.0,97.4137931034483
291990,Macururé,22.0,81.4814814814815,,35.0,85.3658536585366,,37.0,97.3684210526316,,35.0,94.5945945945946,,39.0,97.5,,43.0,100.0,,34.0,94.4444444444444
292400,Paulo Afonso,533.0,93.3450087565674,,567.0,94.5,,642.0,97.7168949771689,,686.0,98.705035971223,,666.0,94.6022727272727,,681.0,95.1117318435754,,753.0,94.0074906367041
292420,Pedro Alexandre,34.0,97.1428571428571,,48.0,97.9591836734694,,55.0,98.2142857142857,,48.0,94.1176470588235,,46.0,97.8723404255319,,44.0,97.7777777777778,,57.0,91.9354838709677
292710,Rodelas,39.0,97.5,,28.0,100.0,,32.0,96.969696969697,,44.0,95.6521739130435,,46.0,93.8775510204082,,44.0,83.0188679245283,,59.0,98.3333333333333
292760,Santa Brígida,48.0,77.4193548387097,,60.0,95.2380952380952,,81.0,96.4285714285714,,81.0,91.0112359550562,,75.0,91.4634146341463,,82.0,94.2528735632184,,75.0,96.1538461538462
29063,Região de Senhor do Bomfim,1115.0,77.1626297577855,,1168.0,79.0792146242383,,1097.0,71.6057441253264,,1255.0,75.3753753753754,,1152.0,71.1111111111111,,1273.0,67.5331564986737,,1084.0,59.9226091763405
290135,Andorinha,36.0,59.0163934426229,,40.0,45.9770114942529,,40.0,51.2820512820513,,54.0,66.6666666666667,,50.0,58.8235294117647,,37.0,40.2173913043478,,45.0,48.9130434782609
290180,Antônio Gonçalves,23.0,54.7619047619048,,30.0,88.2352941176471,,26.0,47.2727272727273,,25.0,41.6666666666667,,21.0,42.8571428571429,,26.0,46.4285714285714,,29.0,43.9393939393939
290600,Campo Formoso,266.0,81.3455657492355,,247.0,82.6086956521739,,223.0,69.6875,,243.0,72.5373134328358,,215.0,64.7590361445783,,318.0,80.7106598984772,,235.0,64.3835616438356
291085,Filadélfia,52.0,69.3333333333333,,67.0,79.7619047619048,,70.0,72.1649484536082,,101.0,82.1138211382114,,64.0,65.979381443299,,57.0,66.2790697674419,,72.0,66.6666666666667
291700,Itiúba,153.0,90.0,,173.0,86.9346733668342,,171.0,85.5,,163.0,89.5604395604396,,177.0,86.3414634146341,,164.0,69.7872340425532,,120.0,60.3015075376884
291770,Jaguarari,121.0,74.2331288343558,,123.0,72.7810650887574,,116.0,65.9090909090909,,113.0,56.2189054726368,,110.0,61.7977528089888,,123.0,56.6820276497696,,101.0,53.4391534391534
292460,Pindobaçu,68.0,93.1506849315068,,55.0,94.8275862068966,,73.0,97.3333333333333,,77.0,86.5168539325843,,67.0,78.8235294117647,,78.0,70.2702702702703,,68.0,61.2612612612613
292525,Ponto Novo,44.0,65.6716417910448,,75.0,78.125,,58.0,70.7317073170732,,93.0,83.7837837837838,,63.0,72.4137931034483,,76.0,67.8571428571429,,56.0,56.0
293010,Senhor do Bonfim,352.0,75.3747323340471,,358.0,79.3791574279379,,320.0,71.2694877505568,,386.0,79.9171842650103,,385.0,76.6932270916335,,394.0,67.6975945017182,,358.0,61.8307426597582
2907,Oeste,2721.0,71.3985830490685,,3157.0,80.8036856923471,,3402.0,85.8224016145308,,3511.0,84.5006016847172,,3599.0,86.8484555984556,,3774.0,86.0072926162261,,3672.0,84.8428835489834
29071,Região de Barreiras,1134.0,74.7528015820699,,1404.0,84.629294755877,,1577.0,89.6532120523025,,1640.0,86.8184224457385,,1704.0,91.6129032258064,,1801.0,90.5025125628141,,1718.0,90.4686677198526
290140,Angical,43.0,53.75,,63.0,87.5,,63.0,91.304347826087,,79.0,85.8695652173913,,97.0,92.3809523809524,,83.0,91.2087912087912,,59.0,65.5555555555556
290250,Baianópolis,37.0,56.0606060606061,,24.0,48.0,,39.0,60.0,,32.0,53.3333333333333,,41.0,66.1290322580645,,35.0,76.0869565217391,,34.0,100.0
290320,Barreiras,472.0,76.6233766233766,,598.0,93.730407523511,,633.0,96.4939024390244,,735.0,99.1902834008097,,711.0,98.8873435326843,,734.0,97.3474801061008,,716.0,97.2826086956522
290440,Brejolândia,17.0,51.5151515151515,,23.0,60.5263157894737,,22.0,88.0,,26.0,70.2702702702703,,31.0,79.4871794871795,,28.0,65.1162790697674,,32.0,80.0
290740,Catolândia,5.0,55.5555555555556,,8.0,61.5384615384615,,8.0,88.8888888888889,,9.0,56.25,,11.0,91.6666666666667,,16.0,94.1176470588235,,15.0,100.0
290940,Cotegipe,31.0,48.4375,,34.0,55.7377049180328,,40.0,63.4920634920635,,34.0,54.8387096774194,,52.0,77.6119402985075,,60.0,71.4285714285714,,61.0,88.4057971014493
290970,Cristópolis,46.0,90.1960784313726,,48.0,94.1176470588235,,57.0,96.6101694915254,,56.0,90.3225806451613,,45.0,86.5384615384615,,62.0,89.8550724637681,,54.0,91.5254237288136
291110,Formosa do Rio Preto,62.0,89.8550724637681,,77.0,95.0617283950617,,100.0,93.4579439252336,,88.0,92.6315789473684,,94.0,95.9183673469388,,78.0,93.9759036144578,,90.0,97.8260869565217
291955,Luís Eduardo Magalhães,125.0,88.6524822695035,,179.0,88.6138613861386,,215.0,89.9581589958159,,188.0,85.0678733031674,,183.0,93.8461538461538,,243.0,92.0454545454545,,267.0,90.8163265306122
292045,Mansidão,26.0,96.2962962962963,,28.0,93.3333333333333,,18.0,100.0,,10.0,90.9090909090909,,15.0,93.75,,28.0,93.3333333333333,,20.0,100.0
292620,Riachão das Neves,76.0,71.0280373831776,,100.0,71.9424460431655,,107.0,75.3521126760563,,107.0,69.4805194805195,,93.0,68.8888888888889,,107.0,69.9346405228758,,103.0,73.0496453900709
292840,Santa Rita de Cássia,65.0,86.6666666666667,,95.0,89.622641509434,,112.0,93.3333333333333,,121.0,93.0769230769231,,117.0,95.1219512195122,,144.0,95.364238410596,,82.0,91.1111111111111
292890,São Desidério,85.0,85.8585858585859,,77.0,90.5882352941177,,84.0,97.6744186046512,,91.0,91.9191919191919,,100.0,95.2380952380952,,92.0,93.8775510204082,,116.0,95.0819672131148
293090,Tabocas do Brejo Velho,11.0,34.375,,20.0,51.2820512820513,,36.0,90.0,,25.0,54.3478260869565,,53.0,89.8305084745763,,49.0,83.0508474576271,,30.0,85.7142857142857
293345,Wanderley,33.0,68.75,,30.0,55.5555555555556,,43.0,70.4918032786885,,39.0,61.9047619047619,,61.0,83.5616438356164,,42.0,87.5,,39.0,62.9032258064516
29072,Região de Ibotirama,699.0,73.5789473684211,,769.0,80.0208116545265,,791.0,86.6374589266156,,877.0,87.4376869391825,,796.0,84.2328042328042,,878.0,84.2610364683301,,870.0,83.8150289017341
290270,Barra,183.0,77.8723404255319,,208.0,88.5106382978723,,200.0,94.7867298578199,,219.0,96.4757709251101,,227.0,91.1646586345382,,219.0,84.5559845559846,,231.0,86.1940298507463
290450,Brotas de Macaúbas,68.0,80.9523809523809,,75.0,86.2068965517241,,97.0,100.0,,78.0,95.1219512195122,,85.0,93.4065934065934,,88.0,98.876404494382,,93.0,98.936170212766
290475,Buritirama,52.0,89.6551724137931,,59.0,98.3333333333333,,58.0,96.6666666666667,,70.0,97.2222222222222,,71.0,94.6666666666667,,81.0,95.2941176470588,,75.0,96.1538461538462
291320,Ibotirama,119.0,72.5609756097561,,151.0,90.9638554216867,,132.0,85.1612903225806,,150.0,81.9672131147541,,119.0,79.8657718120805,,160.0,88.8888888888889,,144.0,88.3435582822086
291410,Ipupiara,52.0,94.5454545454545,,56.0,94.9152542372881,,64.0,94.1176470588235,,60.0,100.0,,71.0,100.0,,80.0,100.0,,63.0,100.0
292160,Morpará,37.0,72.5490196078431,,31.0,50.8196721311475,,34.0,73.9130434782609,,30.0,76.9230769230769,,23.0,52.2727272727273,,23.0,52.2727272727273,,44.0,68.75
292225,Muquém de São Francisco,33.0,89.1891891891892,,38.0,86.3636363636364,,37.0,90.2439024390244,,47.0,94.0,,36.0,90.0,,39.0,92.8571428571429,,29.0,93.5483870967742
292320,Oliveira dos Brejinhos,84.0,65.625,,67.0,65.6862745098039,,76.0,72.3809523809524,,88.0,67.6923076923077,,90.0,74.3801652892562,,110.0,77.4647887323944,,107.0,74.3055555555556
292370,Paratinga,71.0,51.4492753623188,,84.0,57.1428571428571,,93.0,71.5384615384615,,135.0,84.375,,74.0,70.4761904761905,,78.0,64.4628099173554,,84.0,63.1578947368421
29073,Região de Santa Maria da Vitória,888.0,66.0714285714286,,984.0,76.4568764568765,,1034.0,80.030959752322,,994.0,78.701504354711,,1099.0,82.0761762509335,,1095.0,80.7522123893805,,1084.0,77.9295470884256
290390,Bom Jesus da Lapa,218.0,71.4754098360656,,251.0,76.2917933130699,,244.0,80.0,,223.0,73.5973597359736,,276.0,88.1789137380192,,308.0,84.3835616438356,,278.0,78.3098591549296
290610,Canápolis,24.0,85.7142857142857,,11.0,84.6153846153846,,20.0,100.0,,14.0,100.0,,26.0,92.8571428571429,,18.0,90.0,,14.0,100.0
290810,Cocos,52.0,72.2222222222222,,44.0,64.7058823529412,,64.0,69.5652173913043,,44.0,62.8571428571429,,29.0,58.0,,42.0,71.1864406779661,,45.0,91.8367346938776
290910,Coribe,38.0,51.3513513513513,,46.0,66.6666666666667,,42.0,64.6153846153846,,59.0,84.2857142857143,,64.0,76.1904761904762,,58.0,86.5671641791045,,62.0,83.7837837837838
290930,Correntina,94.0,81.7391304347826,,140.0,89.7435897435898,,99.0,90.8256880733945,,85.0,89.4736842105263,,113.0,91.1290322580645,,90.0,86.5384615384615,,82.0,60.2941176470588
291077,Feira da Mata,19.0,76.0,,19.0,95.0,,23.0,88.4615384615385,,17.0,94.4444444444444,,17.0,94.4444444444444,,10.0,52.6315789473684,,9.0,90.0
291735,Jaborandi,37.0,94.8717948717949,,32.0,100.0,,30.0,83.3333333333333,,35.0,94.5945945945946,,34.0,89.4736842105263,,46.0,93.8775510204082,,42.0,95.4545454545455
292810,Santa Maria da Vitória,118.0,55.9241706161137,,133.0,70.3703703703704,,177.0,83.0985915492958,,165.0,76.036866359447,,156.0,67.2413793103448,,154.0,70.3196347031963,,113.0,54.5893719806763
292820,Santana,65.0,53.7190082644628,,67.0,74.4444444444444,,77.0,90.5882352941177,,75.0,87.2093023255814,,80.0,96.3855421686747,,73.0,82.0224719101124,,98.0,94.2307692307692
292905,São Félix do Coribe,47.0,88.6792452830189,,64.0,92.7536231884058,,64.0,85.3333333333333,,69.0,88.4615384615385,,67.0,95.7142857142857,,64.0,86.4864864864865,,94.0,94.9494949494949
293015,Serra do Ramalho,91.0,60.2649006622517,,86.0,62.3188405797101,,91.0,62.3287671232877,,99.0,66.0,,115.0,67.2514619883041,,110.0,65.8682634730539,,106.0,68.8311688311688
293030,Serra Dourada,46.0,43.8095238095238,,50.0,74.6268656716418,,77.0,93.9024390243902,,78.0,90.6976744186046,,87.0,97.752808988764,,73.0,98.6486486486486,,91.0,96.8085106382979
293075,Sítio do Mato,39.0,86.6666666666667,,41.0,87.2340425531915,,26.0,68.4210526315789,,31.0,79.4871794871795,,35.0,89.7435897435898,,49.0,98.0,,50.0,98.0392156862745
2908,Sudoeste,7511.0,82.0425996723102,,7702.0,81.296179016255,,8481.0,86.1365021328458,,8559.0,86.8052738336714,,8546.0,84.4132753852232,,8462.0,82.0995439992238,,8012.0,79.8246487994421
29081,Região de Brumado,1691.0,84.8895582329317,,1847.0,88.1202290076336,,2075.0,91.369440774989,,1953.0,89.6282698485544,,1958.0,88.9595638346206,,2002.0,87.6916338151555,,1971.0,87.1352785145888
290200,Aracatu,68.0,88.3116883116883,,79.0,94.0476190476191,,73.0,86.9047619047619,,60.0,85.7142857142857,,71.0,97.2602739726027,,71.0,82.5581395348837,,76.0,83.5164835164835
290280,Barra da Estiva,112.0,92.5619834710744,,116.0,98.3050847457627,,125.0,100.0,,112.0,99.1150442477876,,127.0,98.4496124031008,,123.0,96.09375,,134.0,91.7808219178082
290410,Boquira,66.0,75.8620689655172,,119.0,88.8059701492537,,141.0,90.9677419354839,,113.0,97.4137931034483,,116.0,99.1452991452991,,122.0,98.3870967741936,,100.0,89.2857142857143
290420,Botuporã,54.0,100.0,,54.0,96.4285714285714,,53.0,100.0,,51.0,92.7272727272727,,53.0,94.6428571428571,,58.0,92.0634920634921,,49.0,98.0
290460,Brumado,287.0,81.3031161473088,,312.0,92.3076923076923,,402.0,98.2885085574572,,324.0,89.5027624309392,,323.0,87.0619946091644,,327.0,80.1470588235294,,353.0,83.6492890995261
290755,Caturama,30.0,93.75,,55.0,94.8275862068966,,50.0,92.5925925925926,,50.0,98.0392156862745,,35.0,100.0,,35.0,94.5945945945946,,40.0,97.5609756097561
290880,Contendas do Sincorá,18.0,75.0,,23.0,92.0,,21.0,91.304347826087,,25.0,100.0,,30.0,93.75,,20.0,90.9090909090909,,37.0,97.3684210526316
291010,Dom Basílio,49.0,89.0909090909091,,54.0,85.7142857142857,,40.0,86.9565217391304,,59.0,95.1612903225807,,75.0,93.75,,68.0,94.4444444444444,,72.0,94.7368421052632
290050,Érico Cardoso,60.0,88.2352941176471,,52.0,92.8571428571429,,58.0,96.6666666666667,,55.0,90.1639344262295,,65.0,95.5882352941177,,55.0,91.6666666666667,,58.0,92.0634920634921
291165,Guajeru,19.0,79.1666666666667,,44.0,93.6170212765958,,38.0,92.6829268292683,,28.0,87.5,,41.0,93.1818181818182,,42.0,97.6744186046512,,53.0,98.1481481481482
291220,Ibicoara,57.0,95.0,,69.0,98.5714285714286,,87.0,100.0,,70.0,97.2222222222222,,72.0,96.0,,59.0,86.7647058823529,,62.0,88.5714285714286
291250,Ibipitanga,59.0,90.7692307692308,,88.0,95.6521739130435,,72.0,92.3076923076923,,72.0,92.3076923076923,,75.0,93.75,,88.0,98.876404494382,,71.0,93.4210526315789
291720,Ituaçu,79.0,79.7979797979798,,91.0,86.6666666666667,,78.0,95.1219512195122,,113.0,89.6825396825397,,77.0,80.2083333333333,,94.0,85.4545454545455,,93.0,80.8695652173913
291860,Jussiape,43.0,79.6296296296296,,48.0,75.0,,54.0,90.0,,63.0,95.4545454545455,,54.0,91.5254237288136,,74.0,97.3684210526316,,49.0,98.0
291950,Livramento de Nossa Senhora,166.0,83.8383838383838,,155.0,76.3546798029557,,196.0,98.0,,188.0,91.7073170731707,,182.0,92.8571428571429,,205.0,95.3488372093023,,212.0,90.5982905982906
291980,Macaúbas,164.0,77.3584905660377,,139.0,70.9183673469388,,161.0,62.890625,,177.0,69.6850393700787,,174.0,68.503937007874,,178.0,73.2510288065844,,159.0,73.2718894009217
292030,Malhada de Pedras,31.0,75.609756097561,,37.0,80.4347826086957,,29.0,87.8787878787879,,29.0,82.8571428571429,,34.0,89.4736842105263,,30.0,78.9473684210526,,23.0,74.1935483870968
292360,Paramirim,90.0,89.1089108910891,,122.0,96.8253968253968,,136.0,95.7746478873239,,119.0,95.9677419354839,,111.0,93.2773109243697,,116.0,95.0819672131148,,103.0,91.9642857142857
292670,Rio de Contas,74.0,98.6666666666667,,71.0,98.6111111111111,,93.0,96.875,,78.0,95.1219512195122,,94.0,96.9072164948454,,107.0,95.5357142857143,,82.0,94.2528735632184
292690,Rio do Pires,67.0,91.7808219178082,,54.0,98.1818181818182,,69.0,95.8333333333333,,61.0,87.1428571428571,,63.0,82.8947368421053,,46.0,70.7692307692308,,50.0,79.3650793650794
293100,Tanhaçu,98.0,82.3529411764706,,65.0,73.8636363636364,,99.0,86.0869565217391,,106.0,88.3333333333333,,86.0,81.1320754716981,,84.0,82.3529411764706,,95.0,83.3333333333333
29082,Região de Guanambi,1822.0,87.8919440424505,,1919.0,88.7193712436431,,1920.0,87.6312186216339,,1896.0,87.6560332871013,,1975.0,85.0926324859974,,2076.0,84.2874543239951,,1894.0,82.1691973969631
290500,Caculé,87.0,84.4660194174757,,91.0,91.0,,100.0,80.0,,99.0,91.6666666666667,,124.0,84.3537414965986,,106.0,86.1788617886179,,92.0,87.6190476190476
290520,Caetité,253.0,97.6833976833977,,284.0,96.5986394557823,,273.0,91.0,,233.0,87.2659176029963,,287.0,96.6329966329966,,263.0,92.9328621908127,,235.0,82.4561403508772
290660,Candiba,61.0,95.3125,,70.0,93.3333333333333,,74.0,92.5,,76.0,95.0,,56.0,90.3225806451613,,59.0,98.3333333333333,,67.0,91.7808219178082
290710,Carinhanha,93.0,81.5789473684211,,91.0,82.7272727272727,,98.0,77.1653543307087,,86.0,86.8686868686869,,109.0,74.6575342465753,,114.0,74.5098039215686,,106.0,72.6027397260274
291170,Guanambi,396.0,97.5369458128079,,479.0,98.3572895277207,,443.0,98.6636971046771,,431.0,98.1776765375854,,425.0,96.3718820861678,,447.0,96.1290322580645,,437.0,92.3890063424947
291200,Ibiassucê,60.0,95.2380952380952,,52.0,91.2280701754386,,52.0,76.4705882352941,,71.0,89.873417721519,,54.0,83.0769230769231,,61.0,85.9154929577465,,58.0,93.5483870967742
291340,Igaporã,59.0,96.7213114754098,,59.0,96.7213114754098,,71.0,100.0,,79.0,97.5308641975309,,72.0,96.0,,68.0,89.4736842105263,,72.0,85.7142857142857
291733,Iuiú,42.0,85.7142857142857,,37.0,94.8717948717949,,46.0,88.4615384615385,,48.0,84.2105263157895,,41.0,87.2340425531915,,32.0,66.6666666666667,,36.0,90.0
291740,Jacaraci,58.0,87.8787878787879,,58.0,85.2941176470588,,69.0,85.1851851851852,,84.0,84.8484848484848,,74.0,84.0909090909091,,92.0,92.0,,68.0,94.4444444444444
291875,Lagoa Real,40.0,81.6326530612245,,39.0,86.6666666666667,,41.0,87.2340425531915,,40.0,90.9090909090909,,51.0,75.0,,58.0,87.8787878787879,,38.0,80.8510638297872
291940,Licínio de Almeida,61.0,78.2051282051282,,54.0,81.8181818181818,,54.0,96.4285714285714,,50.0,84.7457627118644,,56.0,81.1594202898551,,63.0,84.0,,51.0,92.7272727272727
292020,Malhada,45.0,91.8367346938776,,63.0,98.4375,,61.0,96.8253968253968,,32.0,94.1176470588235,,59.0,86.7647058823529,,55.0,71.4285714285714,,48.0,66.6666666666667
292105,Matina,38.0,80.8510638297872,,37.0,92.5,,51.0,94.4444444444444,,37.0,92.5,,48.0,78.6885245901639,,52.0,85.2459016393443,,32.0,84.2105263157895
292180,Mortugaba,52.0,74.2857142857143,,57.0,69.5121951219512,,54.0,73.972602739726,,52.0,74.2857142857143,,51.0,64.5569620253165,,61.0,65.5913978494624,,53.0,72.6027397260274
292340,Palmas de Monte Alto,73.0,94.8051948051948,,80.0,93.0232558139535,,67.0,95.7142857142857,,94.0,95.9183673469388,,84.0,80.0,,105.0,82.6771653543307,,77.0,71.2962962962963
292450,Pindaí,61.0,83.5616438356164,,56.0,88.8888888888889,,37.0,77.0833333333333,,47.0,62.6666666666667,,52.0,59.0909090909091,,53.0,58.8888888888889,,47.0,71.2121212121212
292640,Riacho de Santana,119.0,63.9784946236559,,106.0,60.2272727272727,,103.0,60.9467455621302,,108.0,63.1578947368421,,97.0,65.1006711409396,,114.0,65.1428571428572,,129.0,61.7224880382775
292680,Rio do Antônio,39.0,78.0,,50.0,94.3396226415094,,48.0,96.0,,46.0,97.8723404255319,,58.0,96.6666666666667,,67.0,91.7808219178082,,67.0,94.3661971830986
293000,Sebastião Laranjeiras,46.0,93.8775510204082,,38.0,95.0,,45.0,95.7446808510638,,49.0,96.078431372549,,42.0,85.7142857142857,,51.0,91.0714285714286,,49.0,94.2307692307692
293105,Tanque Novo,83.0,93.2584269662921,,55.0,69.620253164557,,60.0,81.0810810810811,,72.0,83.7209302325581,,72.0,97.2972972972973,,86.0,84.3137254901961,,68.0,80.0
293260,Urandi,56.0,78.8732394366197,,63.0,80.7692307692308,,73.0,83.9080459770115,,62.0,78.4810126582278,,63.0,75.9036144578313,,69.0,77.5280898876404,,64.0,71.9101123595506
29083,Região de Itapetinga,1026.0,76.5671641791045,,1064.0,76.657060518732,,1214.0,82.9801777170198,,1169.0,83.0255681818182,,1235.0,79.6260477111541,,1093.0,73.5531628532974,,997.0,70.7594038325053
290480,Caatiba,16.0,55.1724137931034,,23.0,52.2727272727273,,19.0,86.3636363636364,,34.0,82.9268292682927,,34.0,85.0,,33.0,75.0,,33.0,82.5
291090,Firmino Alves,15.0,88.2352941176471,,16.0,80.0,,20.0,100.0,,23.0,85.1851851851852,,15.0,83.3333333333333,,27.0,77.1428571428572,,19.0,65.5172413793103
291230,Ibicuí,52.0,94.5454545454545,,100.0,90.9090909090909,,78.0,83.8709677419355,,60.0,83.3333333333333,,86.0,88.659793814433,,90.0,83.3333333333333,,68.0,89.4736842105263
291350,Iguaí,79.0,54.8611111111111,,63.0,49.21875,,120.0,83.3333333333333,,140.0,89.7435897435898,,132.0,94.2857142857143,,114.0,73.5483870967742,,63.0,51.6393442622951
291580,Itambé,127.0,77.4390243902439,,114.0,69.5121951219512,,131.0,68.2291666666667,,80.0,60.6060606060606,,101.0,58.0459770114943,,88.0,55.6962025316456,,105.0,61.4035087719298
291640,Itapetinga,316.0,73.3178654292343,,325.0,77.7511961722488,,396.0,86.4628820960699,,396.0,90.0,,433.0,90.2083333333333,,395.0,83.1578947368421,,380.0,73.2177263969171
291680,Itarantim,79.0,92.9411764705882,,74.0,92.5,,58.0,90.625,,70.0,92.1052631578947,,80.0,68.3760683760684,,74.0,72.5490196078431,,46.0,70.7692307692308
291710,Itororó,116.0,79.4520547945205,,106.0,75.177304964539,,129.0,85.4304635761589,,119.0,86.231884057971,,121.0,76.1006289308176,,85.0,66.9291338582677,,104.0,71.2328767123288
291970,Macarani,93.0,87.7358490566038,,83.0,84.6938775510204,,113.0,88.28125,,106.0,81.5384615384615,,98.0,71.0144927536232,,61.0,63.5416666666667,,65.0,65.6565656565657
292000,Maiquinique,43.0,100.0,,49.0,92.4528301886792,,47.0,97.9166666666667,,54.0,91.5254237288136,,39.0,90.6976744186046,,34.0,73.9130434782609,,33.0,94.2857142857143
292270,Nova Canaã,46.0,62.1621621621622,,67.0,77.0114942528736,,57.0,59.375,,41.0,47.1264367816092,,42.0,48.2758620689655,,51.0,53.125,,41.0,67.2131147540984
292540,Potiraguá,44.0,95.6521739130435,,44.0,97.7777777777778,,46.0,97.8723404255319,,46.0,92.0,,54.0,93.1034482758621,,41.0,93.1818181818182,,40.0,86.9565217391304
29084,Região de Vitoria da Conquista ,2972.0,79.2533333333333,,2872.0,75.0457277240658,,3272.0,83.4480999744963,,3541.0,86.1557177615572,,3378.0,83.3868180696124,,3291.0,80.760736196319,,3150.0,77.5671016990889
290120,Anagé,48.0,39.344262295082,,64.0,46.7153284671533,,83.0,66.9354838709677,,100.0,64.9350649350649,,78.0,56.9343065693431,,75.0,51.3698630136986,,75.0,60.0
290290,Barra do Choça,181.0,89.6039603960396,,175.0,90.2061855670103,,176.0,89.3401015228426,,182.0,91.4572864321608,,143.0,78.5714285714286,,114.0,60.6382978723404,,158.0,70.8520179372197
290350,Belo Campo,78.0,70.9090909090909,,79.0,68.1034482758621,,79.0,82.2916666666667,,89.0,74.7899159663866,,100.0,74.0740740740741,,100.0,76.3358778625954,,76.0,71.0280373831776
290395,Bom Jesus da Serra,26.0,55.3191489361702,,53.0,82.8125,,51.0,82.258064516129,,43.0,86.0,,46.0,73.015873015873,,32.0,69.5652173913043,,39.0,59.0909090909091
290515,Caetanos,29.0,72.5,,27.0,54.0,,34.0,72.3404255319149,,63.0,92.6470588235294,,41.0,73.2142857142857,,39.0,78.0,,21.0,65.625
290670,Cândido Sales,105.0,72.9166666666667,,98.0,69.5035460992908,,122.0,82.4324324324324,,132.0,72.5274725274725,,125.0,69.060773480663,,128.0,73.1428571428571,,139.0,78.5310734463277
290689,Caraíbas,33.0,50.0,,57.0,83.8235294117647,,53.0,86.8852459016393,,51.0,86.4406779661017,,37.0,69.811320754717,,32.0,65.3061224489796,,31.0,57.4074074074074
290870,Condeúba,62.0,53.9130434782609,,57.0,53.2710280373832,,90.0,84.1121495327103,,103.0,88.7931034482759,,103.0,81.7460317460317,,88.0,67.175572519084,,61.0,60.3960396039604
290900,Cordeiros,35.0,74.468085106383,,38.0,79.1666666666667,,34.0,72.3404255319149,,34.0,89.4736842105263,,35.0,92.1052631578947,,47.0,90.3846153846154,,46.0,83.6363636363636
291040,Encruzilhada,76.0,68.4684684684685,,59.0,53.6363636363636,,98.0,84.4827586206897,,114.0,90.4761904761905,,127.0,92.0289855072464,,114.0,85.7142857142857,,86.0,65.6488549618321
291995,Maetinga,43.0,91.4893617021277,,31.0,91.1764705882353,,45.0,97.8260869565217,,37.0,94.8717948717949,,47.0,95.9183673469388,,39.0,90.6976744186046,,46.0,100.0
292145,Mirante,31.0,83.7837837837838,,42.0,89.3617021276596,,35.0,92.1052631578947,,23.0,63.8888888888889,,23.0,67.6470588235294,,30.0,69.7674418604651,,27.0,69.2307692307692
292470,Piripá,34.0,73.9130434782609,,47.0,87.037037037037,,73.0,94.8051948051948,,67.0,87.012987012987,,45.0,83.3333333333333,,55.0,87.3015873015873,,57.0,87.6923076923077
292500,Planalto,91.0,63.1944444444444,,105.0,65.2173913043478,,95.0,74.8031496062992,,131.0,79.8780487804878,,116.0,74.8387096774194,,123.0,72.7810650887574,,130.0,86.6666666666667
292510,Poções,229.0,82.3741007194245,,162.0,51.5923566878981,,309.0,90.3508771929825,,295.0,87.2781065088757,,294.0,89.0909090909091,,280.0,85.1063829787234,,229.0,67.7514792899408
292570,Presidente Jânio Quadros,60.0,86.9565217391304,,54.0,77.1428571428572,,51.0,82.258064516129,,65.0,78.3132530120482,,69.0,82.1428571428571,,67.0,81.7073170731707,,64.0,87.6712328767123
292665,Ribeirão do Largo,38.0,97.4358974358974,,31.0,91.1764705882353,,30.0,85.7142857142857,,24.0,82.7586206896552,,41.0,85.4166666666667,,28.0,82.3529411764706,,25.0,73.5294117647059
293180,Tremedal,77.0,60.15625,,69.0,60.0,,68.0,56.198347107438,,110.0,81.4814814814815,,68.0,58.1196581196581,,88.0,59.0604026845638,,87.0,73.109243697479
293330,Vitória da Conquista,1696.0,86.6189989785495,,1624.0,82.730514518594,,1746.0,84.4294003868472,,1878.0,89.5138226882745,,1840.0,88.8459681313375,,1812.0,87.8758486905917,,1753.0,82.4553151458137
2909,Sul,8374.0,83.4645669291339,,8411.0,82.6309067688378,,8478.0,82.7364106567776,,8518.0,83.1998437194765,,8818.0,82.5578129388634,,8955.0,81.9829717110684,,9072.0,79.4743758212878
29091,Região de Ilhéus,1819.0,88.8617489008305,,1778.0,86.7740361151781,,1653.0,83.8235294117647,,1788.0,83.3955223880597,,1910.0,87.0556061987238,,1905.0,87.5862068965517,,1941.0,81.3836477987421
290225,Arataca,35.0,89.7435897435898,,33.0,75.0,,38.0,71.6981132075472,,51.0,75.0,,44.0,86.2745098039216,,51.0,83.6065573770492,,69.0,88.4615384615385
290630,Canavieiras,198.0,96.1165048543689,,208.0,92.4444444444444,,205.0,87.2340425531915,,189.0,84.7533632286996,,196.0,83.7606837606838,,181.0,88.2926829268293,,190.0,84.8214285714286
291360,Ilhéus,1114.0,87.785657998424,,1098.0,85.6474258970359,,989.0,84.2419080068143,,1063.0,82.7881619937695,,1230.0,90.8419497784343,,1197.0,89.5958083832335,,1197.0,80.0133689839572
291490,Itacaré,79.0,88.7640449438202,,100.0,95.2380952380952,,77.0,88.5057471264368,,87.0,90.625,,91.0,85.0467289719626,,86.0,86.8686868686869,,83.0,88.2978723404255
292090,Mascote,61.0,91.044776119403,,59.0,90.7692307692308,,46.0,83.6363636363636,,70.0,78.6516853932584,,50.0,68.4931506849315,,54.0,70.1298701298701,,62.0,67.3913043478261
292805,Santa Luzia,75.0,93.75,,58.0,87.8787878787879,,61.0,65.5913978494624,,61.0,78.2051282051282,,58.0,73.4177215189873,,69.0,76.6666666666667,,74.0,71.8446601941748
293250,Una,129.0,91.4893617021277,,118.0,92.9133858267717,,115.0,95.0413223140496,,137.0,96.4788732394366,,138.0,98.5714285714286,,152.0,98.7012987012987,,150.0,98.0392156862745
293270,Uruçuca,128.0,82.051282051282,,104.0,77.037037037037,,122.0,79.2207792207792,,130.0,79.2682926829268,,103.0,66.025641025641,,115.0,75.1633986928105,,116.0,80.0
29092,Região de Itabuna,3020.0,86.5329512893983,,2978.0,83.3706606942889,,3036.0,81.9212088505127,,2984.0,84.4368986983588,,3078.0,82.475884244373,,3230.0,85.6082692817387,,3504.0,83.5280095351609
290090,Almadina,48.0,90.5660377358491,,46.0,90.1960784313726,,35.0,77.7777777777778,,56.0,93.3333333333333,,45.0,93.75,,55.0,98.2142857142857,,40.0,97.5609756097561
290240,Aurelino Leal,59.0,77.6315789473684,,74.0,70.4761904761905,,64.0,81.0126582278481,,75.0,82.4175824175824,,64.0,76.1904761904762,,56.0,75.6756756756757,,64.0,74.4186046511628
290330,Barro Preto,29.0,80.5555555555556,,42.0,87.5,,43.0,87.7551020408163,,51.0,94.4444444444444,,55.0,94.8275862068966,,59.0,93.6507936507936,,44.0,88.0
290470,Buerarema,124.0,91.1764705882353,,132.0,87.4172185430464,,124.0,81.5789473684211,,104.0,83.8709677419355,,109.0,77.8571428571429,,136.0,83.4355828220859,,145.0,84.7953216374269
290560,Camacan,162.0,73.972602739726,,147.0,74.6192893401015,,159.0,63.855421686747,,186.0,78.8135593220339,,156.0,76.4705882352941,,139.0,75.5434782608696,,160.0,73.7327188940092
290800,Coaraci,176.0,92.1465968586387,,158.0,89.7727272727273,,165.0,93.75,,130.0,74.2857142857143,,146.0,78.9189189189189,,172.0,84.7290640394089,,172.0,81.1320754716981
291100,Floresta Azul,61.0,89.7058823529412,,53.0,88.3333333333333,,58.0,84.0579710144928,,58.0,81.6901408450704,,71.0,86.5853658536585,,69.0,87.3417721518987,,85.0,90.4255319148936
291150,Gongogi,29.0,59.1836734693878,,22.0,57.8947368421053,,24.0,77.4193548387097,,23.0,76.6666666666667,,22.0,62.8571428571429,,26.0,59.0909090909091,,31.0,81.5789473684211
291210,Ibicaraí,147.0,80.327868852459,,154.0,78.1725888324873,,158.0,79.3969849246231,,138.0,70.4081632653061,,135.0,68.8775510204082,,193.0,78.4552845528455,,168.0,68.0161943319838
291270,Ibirapitanga,101.0,80.1587301587302,,79.0,75.2380952380952,,108.0,81.8181818181818,,91.0,79.8245614035088,,101.0,70.1388888888889,,104.0,73.2394366197183,,100.0,71.4285714285714
291480,Itabuna,1340.0,90.9708078750849,,1392.0,86.6749688667497,,1388.0,83.4134615384615,,1371.0,91.4,,1475.0,87.5890736342043,,1467.0,92.9069031032299,,1703.0,89.868073878628
291540,Itaju do Colônia,33.0,91.6666666666667,,19.0,82.6086956521739,,24.0,72.7272727272727,,30.0,69.7674418604651,,25.0,78.125,,27.0,72.972972972973,,31.0,79.4871794871795
291550,Itajuípe,161.0,86.5591397849462,,134.0,88.7417218543046,,148.0,86.5497076023392,,147.0,90.1840490797546,,133.0,84.7133757961784,,170.0,86.734693877551,,168.0,81.1594202898551
291620,Itapé,53.0,92.9824561403509,,60.0,92.3076923076923,,59.0,90.7692307692308,,69.0,89.6103896103896,,82.0,97.6190476190476,,72.0,83.7209302325581,,81.0,81.0
291660,Itapitanga,31.0,83.7837837837838,,40.0,85.1063829787234,,51.0,91.0714285714286,,45.0,78.9473684210526,,38.0,84.4444444444444,,55.0,79.7101449275362,,56.0,86.1538461538462
291855,Jussari,30.0,88.2352941176471,,35.0,89.7435897435898,,45.0,88.2352941176471,,33.0,84.6153846153846,,27.0,87.0967741935484,,46.0,92.0,,36.0,92.3076923076923
292070,Maraú,54.0,88.5245901639344,,44.0,75.8620689655172,,52.0,86.6666666666667,,35.0,77.7777777777778,,51.0,85.0,,39.0,86.6666666666667,,48.0,78.6885245901639
292390,Pau Brasil,77.0,93.9024390243902,,66.0,88.0,,65.0,92.8571428571429,,55.0,88.7096774193548,,71.0,93.4210526315789,,57.0,95.0,,73.0,84.8837209302326
292780,Santa Cruz Da Vitória,41.0,95.3488372093023,,39.0,95.1219512195122,,39.0,97.5,,35.0,100.0,,36.0,94.7368421052632,,37.0,97.3684210526316,,36.0,94.7368421052632
292935,São José Da Vitória,40.0,81.6326530612245,,35.0,97.2222222222222,,43.0,78.1818181818182,,33.0,71.7391304347826,,35.0,72.9166666666667,,39.0,75.0,,48.0,63.1578947368421
293220,Ubaitaba,126.0,92.6470588235294,,125.0,79.6178343949045,,102.0,76.6917293233083,,128.0,77.1084337349398,,106.0,70.6666666666667,,112.0,72.7272727272727,,107.0,75.3521126760563
293230,Ubatã,98.0,61.6352201257862,,82.0,56.1643835616438,,82.0,64.5669291338583,,91.0,60.6666666666667,,95.0,62.9139072847682,,100.0,65.359477124183,,108.0,71.523178807947
29093,Região de Jequié,2332.0,76.1842535119242,,2442.0,78.6220218931101,,2602.0,82.0820189274448,,2544.0,81.7218117571474,,2471.0,78.0973451327434,,2562.0,74.0890688259109,,2420.0,71.3653789442642
290060,Aiquara,27.0,84.375,,19.0,82.6086956521739,,23.0,79.3103448275862,,21.0,72.4137931034483,,20.0,62.5,,17.0,65.3846153846154,,19.0,70.3703703703704
290195,Apuarema,29.0,85.2941176470588,,19.0,45.2380952380952,,32.0,65.3061224489796,,30.0,88.2352941176471,,36.0,90.0,,41.0,87.2340425531915,,26.0,57.7777777777778
290310,Barra Do Rocha,25.0,92.5925925925926,,33.0,97.0588235294118,,29.0,93.5483870967742,,24.0,96.0,,37.0,92.5,,42.0,93.3333333333333,,21.0,70.0
290370,Boa Nova,44.0,53.0120481927711,,49.0,52.1276595744681,,93.0,82.3008849557522,,86.0,85.1485148514851,,87.0,82.8571428571429,,98.0,85.2173913043478,,88.0,83.8095238095238
290430,Brejões,74.0,94.8717948717949,,81.0,92.0454545454545,,103.0,99.0384615384615,,61.0,93.8461538461538,,82.0,95.3488372093023,,81.0,95.2941176470588,,82.0,84.5360824742268
290950,Cravolândia,32.0,88.8888888888889,,20.0,86.9565217391304,,28.0,90.3225806451613,,19.0,90.4761904761905,,26.0,89.6551724137931,,26.0,92.8571428571429,,30.0,88.2352941176471
291000,Dário Meira,42.0,95.4545454545455,,51.0,92.7272727272727,,46.0,93.8775510204082,,38.0,74.5098039215686,,41.0,73.2142857142857,,52.0,77.6119402985075,,52.0,75.3623188405797
291290,Ibirataia,103.0,76.2962962962963,,91.0,73.3870967741936,,119.0,77.2727272727273,,113.0,83.7037037037037,,91.0,82.7272727272727,,138.0,91.3907284768212,,154.0,82.7956989247312
291390,Ipiaú,262.0,75.5043227665706,,253.0,82.6797385620915,,295.0,84.7701149425287,,263.0,83.7579617834395,,264.0,83.0188679245283,,272.0,73.1182795698925,,252.0,73.469387755102
291420,Irajuba,28.0,80.0,,22.0,66.6666666666667,,29.0,80.5555555555556,,27.0,58.695652173913,,23.0,52.2727272727273,,26.0,57.7777777777778,,31.0,73.8095238095238
291430,Iramaia,45.0,97.8260869565217,,50.0,92.5925925925926,,56.0,87.5,,43.0,78.1818181818182,,29.0,61.7021276595745,,33.0,68.75,,43.0,75.4385964912281
291510,Itagi,100.0,95.2380952380952,,97.0,93.2692307692308,,89.0,94.6808510638298,,96.0,95.049504950495,,84.0,87.5,,94.0,92.156862745098,,94.0,87.037037037037
291520,Itagibá,80.0,75.4716981132076,,86.0,92.4731182795699,,59.0,77.6315789473684,,95.0,91.3461538461538,,68.0,79.0697674418605,,62.0,75.609756097561,,49.0,71.0144927536232
291570,Itamari,44.0,91.6666666666667,,32.0,74.4186046511628,,44.0,78.5714285714286,,45.0,93.75,,33.0,76.7441860465116,,43.0,79.6296296296296,,27.0,61.3636363636364
291670,Itaquara,46.0,77.9661016949153,,46.0,73.015873015873,,31.0,54.3859649122807,,34.0,77.2727272727273,,36.0,64.2857142857143,,46.0,68.6567164179104,,41.0,70.6896551724138
291690,Itiruçu,82.0,93.1818181818182,,98.0,93.3333333333333,,76.0,76.7676767676768,,62.0,69.6629213483146,,59.0,62.7659574468085,,69.0,62.7272727272727,,65.0,59.6330275229358
291760,Jaguaquara,176.0,60.2739726027397,,211.0,70.0996677740864,,232.0,76.8211920529801,,251.0,81.4935064935065,,243.0,77.3885350318471,,233.0,74.6794871794872,,210.0,61.2244897959184
291800,Jequié,732.0,75.3861997940268,,771.0,75.440313111546,,859.0,82.5961538461538,,821.0,79.0182868142445,,816.0,77.7883698760725,,799.0,70.6454465075155,,778.0,73.3962264150943
291830,Jitaúna,50.0,98.0392156862745,,65.0,87.8378378378378,,60.0,96.7741935483871,,62.0,76.5432098765432,,72.0,69.2307692307692,,90.0,84.1121495327103,,57.0,62.6373626373626
291870,Lafaiete Coutinho,27.0,93.1034482758621,,19.0,79.1666666666667,,21.0,84.0,,24.0,85.7142857142857,,19.0,90.4761904761905,,14.0,58.3333333333333,,16.0,48.4848484848485
291905,Lajedo Do Tabocal,24.0,55.8139534883721,,43.0,82.6923076923077,,31.0,86.1111111111111,,37.0,84.0909090909091,,34.0,69.3877551020408,,29.0,54.7169811320755,,39.0,75.0
292040,Manoel Vitorino,64.0,74.4186046511628,,57.0,81.4285714285714,,50.0,63.2911392405063,,45.0,65.2173913043478,,38.0,69.0909090909091,,54.0,58.695652173913,,47.0,60.2564102564103
292050,Maracás,95.0,61.6883116883117,,119.0,83.2167832167832,,111.0,88.0952380952381,,124.0,85.5172413793103,,145.0,86.8263473053892,,107.0,69.0322580645161,,103.0,64.375
292490,Planaltino,42.0,91.304347826087,,53.0,100.0,,37.0,88.0952380952381,,46.0,95.8333333333333,,29.0,69.0476190476191,,36.0,73.469387755102,,23.0,56.0975609756098
292790,Santa Inês,59.0,68.6046511627907,,57.0,68.6746987951807,,49.0,72.0588235294118,,77.0,86.5168539325843,,59.0,72.8395061728395,,60.0,65.9340659340659,,73.0,66.3636363636364
29094,Região de Valença,1203.0,83.8327526132404,,1213.0,83.5399449035813,,1187.0,84.8463187991422,,1202.0,83.0684174153421,,1359.0,85.4179761156505,,1258.0,82.9268292682927,,1207.0,83.5872576177285
290540,Cairu,45.0,90.0,,45.0,84.9056603773585,,32.0,86.4864864864865,,43.0,93.4782608695652,,55.0,90.1639344262295,,50.0,86.2068965517241,,58.0,96.6666666666667
290580,Camamu,116.0,92.0634920634921,,122.0,91.7293233082707,,113.0,89.6825396825397,,130.0,80.7453416149068,,147.0,85.9649122807018,,151.0,90.4191616766467,,155.0,83.7837837837838
291120,Gandu,149.0,84.6590909090909,,160.0,86.0215053763441,,147.0,90.1840490797546,,139.0,89.6774193548387,,150.0,94.9367088607595,,138.0,75.4098360655738,,143.0,72.9591836734694
291345,Igrapiúna,32.0,91.4285714285714,,36.0,76.5957446808511,,30.0,88.2352941176471,,29.0,85.2941176470588,,49.0,83.0508474576271,,39.0,88.6363636363636,,50.0,94.3396226415094
291730,Ituberá,103.0,70.5479452054795,,107.0,71.8120805369127,,125.0,80.1282051282051,,123.0,82.0,,106.0,85.4838709677419,,126.0,85.1351351351351,,110.0,93.2203389830508
292260,Nilo Peçanha,44.0,73.3333333333333,,42.0,75.0,,45.0,81.8181818181818,,39.0,79.5918367346939,,43.0,75.4385964912281,,47.0,75.8064516129032,,47.0,82.4561403508772
292275,Nova Ibiá,23.0,88.4615384615385,,28.0,87.5,,22.0,100.0,,31.0,86.1111111111111,,32.0,80.0,,30.0,73.1707317073171,,17.0,77.2727272727273
292467,Piraí Do Norte,30.0,96.7741935483871,,38.0,92.6829268292683,,34.0,97.1428571428571,,28.0,100.0,,43.0,87.7551020408163,,35.0,87.5,,19.0,73.0769230769231
293120,Taperoá,52.0,75.3623188405797,,55.0,82.089552238806,,55.0,83.3333333333333,,78.0,79.5918367346939,,85.0,88.5416666666667,,65.0,83.3333333333333,,44.0,88.0
293160,Teolândia,47.0,85.4545454545455,,63.0,81.8181818181818,,57.0,86.3636363636364,,48.0,90.5660377358491,,66.0,92.9577464788732,,61.0,93.8461538461538,,62.0,100.0
293290,Valença,485.0,85.9929078014184,,433.0,84.5703125,,449.0,82.6887661141805,,430.0,80.6754221388368,,504.0,84.2809364548495,,445.0,82.2550831792976,,420.0,81.5533980582524
293350,Wenceslau Guimarães,77.0,79.3814432989691,,84.0,84.8484848484848,,78.0,81.25,,84.0,80.7692307692308,,79.0,73.8317757009346,,71.0,78.8888888888889,,82.0,82.0
Fonte: Sesab/Suvisa/DIS - SIM,,,,,,,,,,,,,,,,,,,,,
"* Dados preliminares, elaborados com informações processadas até 13.02.2017",,,,,,,,,,,,,,,,,,,,,
